Data;Prec;Temp;Umidade;VentoRaj;Coluna1
2015-01-01;0;24,470833;82,416667;14,7;
2015-01-02;70,2;21,008333;68,541667;14,8;
2015-01-03;0;20,745833;60,5;6,8;
2015-01-04;0;23,083333;65,875;10,4;
2015-01-05;0;24,383333;71,875;10,4;
2015-01-06;0;25,975;75,958333;12,6;
2015-01-07;22,4;24,345833;84,583333;16,1;
2015-01-08;16,6;24,25;82,208333;6,5;
2015-01-09;,2;25,6875;79,958333;9,3;
2015-01-10;,6;26,745833;73,25;6,3;
2015-01-11;0;27,816667;71,666667;7;
2015-01-12;5,6;26,558333;73,541667;8,8;
2015-01-13;0;26,229167;74,916667;18,5;
2015-01-14;29,8;24,5875;80,541667;12,6;
2015-01-15;0;23,975;69,25;10,6;
2015-01-16;0;24,058333;74,583333;9,3;
2015-01-17;8,6;24,9625;76,833333;13;
2015-01-18;0;23,870833;70,791667;6,6;
2015-01-19;0;26,254167;72,875;20,6;
2015-01-20;6;23,1625;79,166667;12,8;
2015-01-21;13;23,058333;58,541667;9,6;
2015-01-22;0;23,3;56,695652;12;
2015-01-23;0;23,566667;61,25;12,6;
2015-01-24;0;24,483333;66,166667;10,7;
2015-01-25;0;25,516667;73,75;7;
2015-01-26;0;24,666667;76,541667;7,4;
2015-01-27;0;;77,75;10,7;
2015-01-28;;;74,538462;16,1;
2015-01-29;;;62,785714;13,7;
2015-01-30;;;53,615385;8,7;
2015-01-31;;;;10,7;
2015-02-01;;;;13,5;
2015-02-02;;;76,142857;10,8;
2015-02-03;;;;14,5;
2015-02-04;;;;14;
2015-02-05;;;;11,3;
2015-02-06;;;;8,2;
2015-02-07;;;;10,6;
2015-02-08;;;;6,5;
2015-02-09;;;;7,8;
2015-02-10;;;;6,3;
2015-02-11;;;;;
2015-02-12;;;;6,3;
2015-02-13;;;;9,9;
2015-02-14;;;;9;
2015-02-15;;;59,769231;12,6;
2015-02-16;;;;9,1;
2015-02-17;;;58,428571;9,6;
2015-02-18;;;69,428571;12,6;
2015-02-19;;;;11,1;
2015-02-20;;;;8,6;
2015-02-21;;;66,846154;8,3;
2015-02-22;;;77,4;10,4;
2015-02-23;;;78,111111;8,4;
2015-02-24;;;;8,1;
2015-02-25;;;;7,5;
2015-02-26;;;75,583333;10,7;
2015-02-27;;;;12,3;
2015-02-28;;;;8,9;
2015-03-01;;;;13;
2015-03-02;;;;10,5;
2015-03-03;;;;7,7;
2015-03-04;;;;6,9;
2015-03-05;;;;8,5;
2015-03-06;;;;6,9;
2015-03-07;;;;10,2;
2015-03-08;;;;11,6;
2015-03-09;;;;9,3;
2015-03-10;;;;9,5;
2015-03-11;;;;8,4;
2015-03-12;;;;8,3;
2015-03-13;;;;8,3;
2015-03-14;;;;8;
2015-03-15;;;;7,7;
2015-03-16;;;;8,1;
2015-03-17;;;;6,8;
2015-03-18;;;;10,5;
2015-03-19;;;;11;
2015-03-20;;;;7,4;
2015-03-21;;;;12,1;
2015-03-22;;;;9,7;
2015-03-23;;;;6,8;
2015-03-24;;;;9,2;
2015-03-25;;;;8,7;
2015-03-26;;;;11,1;
2015-03-27;;;;9;
2015-03-28;;;;8,3;
2015-03-29;;;;11,8;
2015-03-30;;;;;
2015-03-31;;;;9,4;
2015-04-01;;;;5,2;
2015-04-02;;;58,333333;6,9;
2015-04-03;;;64,153846;8,8;
2015-04-04;;;68,384615;6,9;
2015-04-05;;;72,928571;13,7;
2015-04-06;0;21,004167;54,5;12,8;
2015-04-07;0;18,154167;65,083333;6,9;
2015-04-08;0;20,3125;64,5;9,5;
2015-04-09;0;21,495833;73,791667;7,3;
2015-04-10;,2;21,3875;74,208333;6,6;
2015-04-11;0;22,175;75,833333;9,5;
2015-04-12;0;20,370833;64,291667;6,2;
2015-04-13;0;19,5875;64,666667;9,7;
2015-04-14;0;22,216667;75,125;9;
2015-04-15;0;22,395833;80,291667;12,5;
2015-04-16;1;21,741667;70,333333;12,4;
2015-04-17;0;22,475;74,25;15,1;
2015-04-18;,6;18,908333;69,125;11,3;
2015-04-19;0;18,9375;70,416667;9;
2015-04-20;0;22,241667;78,791667;8,3;
2015-04-21;;;58,823529;10,7;
2015-04-22;0;;57,473684;6,6;
2015-04-23;;16,575;76,458333;6,7;
2015-04-24;2;18,741667;82,125;8,8;
2015-04-25;,4;17,166667;69,458333;6;
2015-04-26;0;18,154167;65,5;6;
2015-04-27;,2;18,054167;79,25;5,6;
2015-04-28;,2;17,504167;78,208333;8,3;
2015-04-29;0;19,133333;52,625;12,2;
2015-04-30;0;18,691667;61;10,5;
2015-05-01;,2;18,558333;74,208333;10,8;
2015-05-02;0;19,179167;81,125;19,3;
2015-05-03;8,2;16,354167;79,791667;25,8;
2015-05-04;0;12,6;60,791667;11,6;
2015-05-05;0;11,816667;66,75;5,2;
2015-05-06;,2;13,195833;70,666667;11,4;
2015-05-07;0;12,329167;71,416667;10,2;
2015-05-08;0;15,75;64,875;10,6;
2015-05-09;0;16,291667;77,833333;6,8;
2015-05-10;0;16,3625;85,708333;7,8;
2015-05-11;49,6;18,05;75,458333;13,2;
2015-05-12;1;18,4875;67,666667;10,1;
2015-05-13;0;17,745833;74,625;8,2;
2015-05-14;0;18,916667;74,041667;9;
2015-05-15;0;19,520833;79,125;7,3;
2015-05-16;0;20,141667;81,5;6,8;
2015-05-17;,2;19,7875;84,916667;6,3;
2015-05-18;0;20,629167;84,791667;8,9;
2015-05-19;,2;20,829167;83,791667;10;
2015-05-20;0;20,970833;80,833333;7,3;
2015-05-21;0;21,683333;79,75;10,2;
2015-05-22;0;22,7125;75,708333;7,1;
2015-05-23;,8;21,595833;82,458333;13,1;
2015-05-24;14,6;18,658333;80,958333;12,5;
2015-05-25;0;16,904167;75,875;6;
2015-05-26;0;16,266667;74,041667;7,5;
2015-05-27;,2;17,4125;75,916667;13,5;
2015-05-28;39,2;15,9375;82,791667;14,3;
2015-05-29;12;14,2875;84,041667;7,5;
2015-05-30;,4;12,616667;79,625;6,4;
2015-05-31;,2;13,979167;79;7,3;
2015-06-01;,2;13,716667;77,458333;5,4;
2015-06-02;,2;16,254167;79,125;7,5;
2015-06-03;0;17,95;76,625;7;
2015-06-04;0;18,054167;83,708333;9,1;
2015-06-05;6,8;18,391667;90,625;15,9;
2015-06-06;17;21,733333;76,791667;11,2;
2015-06-07;0;19;82,666667;9,7;
2015-06-08;3,2;14,679167;88,041667;8,1;
2015-06-09;21,8;17,3;92,166667;7,9;
2015-06-10;41;17,620833;93,5;8,3;
2015-06-11;19,8;12,695833;70,583333;11,3;
2015-06-12;0;9,070833;67,666667;7,7;
2015-06-13;0;9,808333;81,5;5,4;
2015-06-14;0;12,525;81;9,6;
2015-06-15;0;9,941667;60,333333;11,5;
2015-06-16;0;11,304167;58,5;9,2;
2015-06-17;0;12,016667;68,875;6,7;
2015-06-18;1;11,591667;66,041667;14,5;
2015-06-19;0;7,133333;73;6,4;
2015-06-20;0;12,65;71,916667;10,8;
2015-06-21;0;13,395833;74,208333;9,1;
2015-06-22;0;14,354167;78,166667;8,7;
2015-06-23;5,4;9,716667;73,833333;9,5;
2015-06-24;,2;10,691667;81,625;7,7;
2015-06-25;0;15,854167;77,833333;13,3;
2015-06-26;0;16,320833;76,708333;10,4;
2015-06-27;0;16,008333;79,541667;6;
2015-06-28;0;16,766667;78,708333;6,7;
2015-06-29;0;16,9;83,166667;6,5;
2015-06-30;6,2;17,1625;86,208333;10,3;
2015-07-01;0;12,829167;83,25;8,6;
2015-07-02;,2;12,654167;78,875;8;
2015-07-03;8;15,083333;85,958333;12,1;
2015-07-04;,6;10,033333;78,208333;12,4;
2015-07-05;0;9,2875;82,25;6,4;
2015-07-06;0;14,016667;80,5;8,9;
2015-07-07;0;13,833333;84,75;9;
2015-07-08;0;14,966667;81,583333;8,1;
2015-07-09;1;15,3125;80,75;8,5;
2015-07-10;,2;12,808333;84,958333;4,6;
2015-07-11;,2;14,6375;88,125;4,8;
2015-07-12;0;15,0125;88,208333;7,5;
2015-07-13;15;16,3375;90,166667;11;
2015-07-14;12,2;11,841667;85,958333;11,6;
2015-07-15;1,6;9,645833;76,5;6,4;
2015-07-16;0;10,6125;80,5;7,2;
2015-07-17;0;14,8;84,416667;9,4;
2015-07-18;4;12,733333;90,25;5,8;
2015-07-19;51,4;15,433333;93;12,6;
2015-07-20;43,8;14,620833;89;13;
2015-07-21;8,2;12,533333;81,583333;12,3;
2015-07-22;,2;10,604167;80,416667;4,6;
2015-07-23;0;14,041667;75,958333;7,7;
2015-07-24;,2;15,15;89,125;8;
2015-07-25;,8;16,1625;77,875;8,5;
2015-07-26;0;15,070833;83,208333;6;
2015-07-27;,4;14,3;91,791667;4,1;
2015-07-28;0;15,8625;86,75;7,2;
2015-07-29;0;19,991667;77,25;8,3;
2015-07-30;0;18,491667;86;9,4;
2015-07-31;0;18,620833;83,666667;11,8;
2015-08-01;0;15,808333;80,458333;9,7;
2015-08-02;,2;18,720833;80,291667;11,3;
2015-08-03;9,8;16,708333;89,166667;9,6;
2015-08-04;12;14,791667;80,958333;8,4;
2015-08-05;5;16,7625;86,958333;12,1;
2015-08-06;0;19,125;83,125;15,1;
2015-08-07;0;22,308333;69,166667;10,9;
2015-08-08;,4;21,941667;75,041667;10,5;
2015-08-09;0;21,158333;79,291667;13,4;
2015-08-10;0;21,641667;72,791667;14,5;
2015-08-11;0;16,533333;83,125;13,4;
2015-08-12;3,6;18,35;95,5;5,7;
2015-08-13;0;19,275;;11;
2015-08-14;1;18,816667;85,583333;7,2;
2015-08-15;,2;16,725;89,863636;13,3;
2015-08-16;0;14,679167;77,25;9,1;
2015-08-17;8,2;18,904167;86,75;11;
2015-08-18;,2;18,604167;90,208333;6,5;
2015-08-19;6,2;15,458333;84,458333;14,6;
2015-08-20;0;15,375;69,166667;9,6;
2015-08-21;0;17,241667;72,75;11,9;
2015-08-22;0;18,4375;80,75;11,6;
2015-08-23;2,4;14,966667;71,583333;16;
2015-08-24;,2;12,125;74,625;8,1;
2015-08-25;0;16,15;74,041667;12,5;
2015-08-26;0;17,966667;83,75;14,8;
2015-08-27;12,8;16,766667;71,5;15,1;
2015-08-28;0;14,2125;67,833333;5,9;
2015-08-29;0;20,258333;57,791667;12,6;
2015-08-30;0;20,2;71,125;6,1;
2015-08-31;0;22,216667;66,875;14,7;
2015-09-01;6,4;14,4625;66,75;14;
2015-09-02;0;14,766667;62,916667;8,2;
2015-09-03;1,8;14,8375;78,25;9,9;
2015-09-04;17,4;13,841667;81,708333;7,2;
2015-09-05;1;14,2;70;7,3;
2015-09-06;,2;14,729167;82,375;11,4;
2015-09-07;1,8;15,416667;85,625;7,6;
2015-09-08;0;16,308333;81,708333;11,1;
2015-09-09;,2;14,841667;77,625;7,3;
2015-09-10;0;14,3;84,458333;12,5;
2015-09-11;3;9,65;62,791667;17,9;
2015-09-12;0;9,145833;56,875;10,9;
2015-09-13;0;12,745833;57,5;12,2;
2015-09-14;0;17,3375;54,458333;9;
2015-09-15;0;18,4875;61,916667;11,8;
2015-09-16;41,4;15,7375;81,833333;14,8;
2015-09-17;4,2;14,416667;79,25;10,5;
2015-09-18;0;16,079167;72,958333;9,6;
2015-09-19;0;16,158333;76,583333;11,7;
2015-09-20;0;16,775;80,291667;11,5;
2015-09-21;1,8;16,5375;89,125;17,5;
2015-09-22;48;18,454167;91,208333;8,6;
2015-09-23;39,2;18,3375;92,333333;15;
2015-09-24;77,6;18,841667;94,083333;30;
2015-09-25;33;17,1;89,291667;11,4;
2015-09-26;,2;17,058333;87,25;10,2;
2015-09-27;1,4;16,625;82,291667;11,4;
2015-09-28;,2;15,9875;66,458333;6,5;
2015-09-29;0;16,875;73;8,1;
2015-09-30;0;13,629167;67,083333;8,4;
2015-10-01;0;15,383333;72,875;11,3;
2015-10-02;5,8;19,145833;80,291667;15,6;
2015-10-03;4;12,4375;68,958333;16,5;
2015-10-04;0;12,358333;70,666667;9,1;
2015-10-05;0;13,691667;72,958333;12,2;
2015-10-06;0;18,791667;74,583333;13,9;
2015-10-07;4;19,3125;87,333333;11,4;
2015-10-08;10,2;18,754167;90;15,4;
2015-10-09;8,4;14,1875;87,291667;15,8;
2015-10-10;17,4;15,266667;81,166667;13,5;
2015-10-11;19,4;14,2125;85,541667;13,6;
2015-10-12;34,6;15,470833;84,541667;13,6;
2015-10-13;,2;14,5625;77,541667;8,4;
2015-10-14;0;17,595833;81,625;16,3;
2015-10-15;49,4;20,5;81,041667;18,9;
2015-10-16;0;15,879167;65,5;13,8;
2015-10-17;0;12,783333;64,916667;11,1;
2015-10-18;0;12,054167;71,291667;8,1;
2015-10-19;0;16,1625;81,916667;10,1;
2015-10-20;32,4;19,475;84,958333;17,5;
2015-10-21;3,6;16,225;79,25;10,7;
2015-10-22;0;18,354167;76,208333;8,3;
2015-10-23;0;16,025;80,458333;9,9;
2015-10-24;,2;14,020833;70,791667;8,8;
2015-10-25;0;16,929167;73,125;13,5;
2015-10-26;0;18,758333;78,291667;11,5;
2015-10-27;0;18,525;89,666667;16,3;
2015-10-28;6,4;19,166667;85,041667;13,4;
2015-10-29;0;20,8125;79,625;14,7;
2015-10-30;0;20,5;86,375;13,8;
2015-10-31;7,6;17,820833;82,916667;12,4;
2015-11-01;,2;17,05;63,666667;9,8;
2015-11-02;0;17,2125;65,5;12,2;
2015-11-03;0;18,0125;86,166667;11,3;
2015-11-04;,8;18,216667;78,5;9,2;
2015-11-05;0;16,945833;71,25;8,3;
2015-11-06;,4;16,575;62,916667;10,5;
2015-11-07;0;17,675;72,583333;8,7;
2015-11-08;0;19,4875;78,625;12,7;
2015-11-09;0;22,304167;77,208333;9,9;
2015-11-10;6,2;20,591667;87,333333;8,4;
2015-11-11;4;20,829167;83,916667;9,5;
2015-11-12;0;19,783333;79;14;
2015-11-13;58;21,9;80,25;16,4;
2015-11-14;2,4;18,375;73,791667;16,2;
2015-11-15;,4;17,816667;77,666667;7,8;
2015-11-16;0;19,654167;76,541667;12;
2015-11-17;1,4;20,083333;83,125;13,9;
2015-11-18;6,6;21,820833;83,375;9,4;
2015-11-19;0;19,295833;85,541667;12,4;
2015-11-20;19,4;16,8625;81,833333;16,2;
2015-11-21;3;15,575;62,5;9;
2015-11-22;0;19,504167;64,041667;8,8;
2015-11-23;0;19,108333;63,708333;9,2;
2015-11-24;0;19,425;60,708333;12,7;
2015-11-25;0;20,033333;62,541667;15,7;
2015-11-26;0;19,8;74,375;17,1;
2015-11-27;0;21,5125;84,875;14,5;
2015-11-28;21,6;20,925;76,166667;13,4;
2015-11-29;0;19,2;64,208333;11,2;
2015-11-30;0;18,595833;61,958333;7,2;
2015-12-01;0;20,075;63,541667;9,7;
2015-12-02;0;21,033333;78,041667;12,3;
2015-12-03;0;20;79,875;12,3;
2015-12-04;37,2;23,454167;79,666667;12,2;
2015-12-05;0;20,708333;74,666667;13,7;
2015-12-06;0;17,995833;63;11,8;
2015-12-07;0;17,2;70,166667;7,5;
2015-12-08;0;20,7875;72,666667;13,4;
2015-12-09;0;22,845833;78,333333;9,7;
2015-12-10;3,2;21,883333;69,75;9,7;
2015-12-11;0;25,383333;51,25;8,6;
2015-12-12;0;25,283333;73,666667;9,4;
2015-12-13;6,4;25,083333;69,208333;15,4;
2015-12-14;0;24,391667;78,333333;10,4;
2015-12-15;,2;23,070833;75,625;12,9;
2015-12-16;2,4;20,8;66,541667;10,4;
2015-12-17;0;23,208333;73,666667;17,6;
2015-12-18;37,4;22,0375;87,041667;11,5;
2015-12-19;18,4;20,508333;67,791667;9,3;
2015-12-20;0;20,029167;58;10,8;
2015-12-21;0;22,933333;69,083333;14,5;
2015-12-22;0;22,95;82,458333;13,7;
2015-12-23;2,8;23,395833;84,458333;14,5;
2015-12-24;2,4;22,425;86,5;10,2;
2015-12-25;,6;22,641667;76,666667;7,9;
2015-12-26;0;22,4625;70,416667;7,1;
2015-12-27;0;23,15;80,958333;6,7;
2015-12-28;0;23,7625;78,541667;9,4;
2015-12-29;0;25,075;80,5;12;
2015-12-30;,4;26,075;85,25;11,1;
2015-12-31;25;23,704167;81,75;12,6;
2016-01-01;,2;23,416667;71,208333;9;
2016-01-02;0;23,154167;71,875;14,1;
2016-01-03;0;23,666667;69,041667;14,5;
2016-01-04;0;24,304167;72,25;14,2;
2016-01-05;2,2;23,179167;84,5;12,2;
2016-01-06;44,8;24,3;85,958333;7,6;
2016-01-07;6,6;22,895833;79,666667;12,5;
2016-01-08;0;22,225;67,791667;8,1;
2016-01-09;0;22,804167;71,5;9;
2016-01-10;0;23,670833;78,625;9,9;
2016-01-11;0;24,145833;82,5;9;
2016-01-12;,2;25,008333;74,125;8,7;
2016-01-13;0;24,675;74;11,9;
2016-01-14;0;23,554167;57,791667;10,6;
2016-01-15;0;23,8;65,583333;8,6;
2016-01-16;0;23,529167;75,458333;7,9;
2016-01-17;0;25,2125;70,25;7,7;
2016-01-18;0;26,7375;65,75;9,4;
2016-01-19;0;24,620833;74,5;8,9;
2016-01-20;0;24,2625;67,666667;7,9;
2016-01-21;0;24,379167;64,208333;12,1;
2016-01-22;0;24,325;63,541667;13,1;
2016-01-23;0;25,379167;67,416667;9,9;
2016-01-24;,6;26,03913;68,521739;12,4;
2016-01-25;0;26,895833;68,833333;13,9;
2016-01-26;4,8;21,883333;70,833333;11,4;
2016-01-27;,4;20,683333;67,25;8,2;
2016-01-28;0;23,566667;65,916667;14,6;
2016-01-29;,6;25,141667;81,208333;12,6;
2016-01-30;2,2;24,091667;82,75;11,3;
2016-01-31;,6;23,891667;74,5;9,4;
2016-02-01;3;21,491667;70,583333;11;
2016-02-02;,2;22,079167;71,291667;8,4;
2016-02-03;0;23,616667;74,333333;13,3;
2016-02-04;25;23,1625;80,375;13;
2016-02-05;4,4;22,991667;72,583333;8,4;
2016-02-06;0;23,758333;71,791667;9,8;
2016-02-07;0;24,404167;70,791667;13,4;
2016-02-08;0;25,141667;79,583333;15,9;
2016-02-09;50,6;25,925;80,708333;12,3;
2016-02-10;,2;24,820833;79,333333;8,6;
2016-02-11;0;24,975;76;10,7;
2016-02-12;0;25,479167;75,916667;11,1;
2016-02-13;0;25,145833;82,083333;13,1;
2016-02-14;17,6;23,991667;80,708333;9,3;
2016-02-15;,2;23,320833;74;7,3;
2016-02-16;0;25,541667;72,375;13;
2016-02-17;0;26,720833;75,375;16,5;
2016-02-18;5,6;24,875;77,958333;9,4;
2016-02-19;,4;23,691667;79,333333;7;
2016-02-20;0;25,595833;71,5;8,8;
2016-02-21;0;25,575;70,125;10,7;
2016-02-22;0;25,795833;73,333333;12,8;
2016-02-23;0;26,1625;77,125;9,7;
2016-02-24;0;25,9125;78,458333;6,9;
2016-02-25;0;26,916667;75,25;9;
2016-02-26;0;26,275;80,5;16,9;
2016-02-27;46,8;22,7375;76,666667;19,4;
2016-02-28;0;22,008333;58,708333;6,5;
2016-02-29;0;23,520833;61,666667;7;
2016-03-01;0;24,620833;59,916667;10,6;
2016-03-02;0;23,741667;73,041667;14;
2016-03-03;3,6;22,6875;70;13,9;
2016-03-04;,8;22,779167;64,875;12,1;
2016-03-05;,2;20,508333;75,708333;11;
2016-03-06;0;20,675;68,25;9,9;
2016-03-07;0;19,075;68;8,3;
2016-03-08;0;21,091667;73,333333;7,5;
2016-03-09;0;23,0875;82,875;8,1;
2016-03-10;4,4;22,5;74,083333;9,6;
2016-03-11;,6;19,566667;90,041667;12;
2016-03-12;32,6;19,491667;73,833333;11,1;
2016-03-13;,2;18,645833;76,458333;9,2;
2016-03-14;0;22,5875;70,708333;10,3;
2016-03-15;0;23,266667;69,708333;10,7;
2016-03-16;0;23,633333;78,875;9,3;
2016-03-17;0;24,066667;82,375;8,9;
2016-03-18;0;26,104167;78,833333;18;
2016-03-19;9,4;21,283333;72,083333;11,6;
2016-03-20;6;19,408333;74,708333;8;
2016-03-21;37,8;19,8;89,666667;11,4;
2016-03-22;18;20,8375;80,833333;14;
2016-03-23;0;20,7875;75,291667;7;
2016-03-24;0;21,720833;72,875;8;
2016-03-25;,6;21,954167;67,666667;12,5;
2016-03-26;4,8;21,008333;80,291667;22,8;
2016-03-27;50,4;19,891667;89,708333;11;
2016-03-28;11,6;21,195833;84,458333;13,7;
2016-03-29;8,6;21,454167;81,208333;10,6;
2016-03-30;,2;20,641667;82,041667;6;
2016-03-31;0;22,0375;78,75;8;
2016-04-01;0;22,141667;78,458333;9,5;
2016-04-02;0;23,1375;82,125;9,5;
2016-04-03;2,2;21,504167;82,958333;8;
2016-04-04;0;21,5875;77,583333;11,4;
2016-04-05;3,8;23,879167;82,125;11,3;
2016-04-06;14,6;22,475;89,333333;9,5;
2016-04-07;2,4;21,566667;81,375;8,3;
2016-04-08;0;19,966667;84,125;5,7;
2016-04-09;2,4;21,345833;81,791667;5,6;
2016-04-10;3,8;20,9375;84,208333;8,8;
2016-04-11;3,4;20,654167;83,916667;10,5;
2016-04-12;19;21,008333;82,291667;11,2;
2016-04-13;1,8;23,05;83,875;15,4;
2016-04-14;,2;22,083333;79,25;8,4;
2016-04-15;0;23,804167;82,583333;11,9;
2016-04-16;0;28,233333;69,208333;11,2;
2016-04-17;0;24,916667;85,375;8,7;
2016-04-18;5,8;23,145833;86,416667;9,6;
2016-04-19;;;86,904762;13,2;
2016-04-20;;;79,583333;9,3;
2016-04-21;;;;9,8;
2016-04-22;;;64,714286;9,6;
2016-04-23;4,6;22,954167;80,583333;12,4;
2016-04-24;60;21,120833;93,541667;18,2;
2016-04-25;;;;7,4;
2016-04-26;;;;13,6;
2016-04-27;;;64,5;13,2;
2016-04-28;;;64,428571;13,2;
2016-04-29;0;10,391667;73,958333;9;
2016-04-30;;;72,5;14,1;
2016-05-01;;;74,380952;7,2;
2016-05-02;,2;12,470833;77,458333;5,2;
2016-05-03;;;;4,8;
2016-05-04;;;;7,8;
2016-05-05;;;74,846154;5,8;
2016-05-06;;;;7,3;
2016-05-07;;;;8,3;
2016-05-08;;;;10,4;
2016-05-09;;;;8,1;
2016-05-10;;;;9,2;
2016-05-11;;;;;
2016-05-12;;;69;7,4;
2016-05-13;;;77,846154;8,3;
2016-05-14;;;72;10,2;
2016-05-15;;;;10,5;
2016-05-16;;;;15,4;
2016-05-17;;;63,5;14;
2016-05-18;;;71,846154;11,5;
2016-05-19;;;77,769231;6,5;
2016-05-20;;;;4,5;
2016-05-21;;;;8,4;
2016-05-22;;;;9,1;
2016-05-23;;;;11,5;
2016-05-24;;;;4;
2016-05-25;;;77,916667;8,2;
2016-05-26;;;;9,7;
2016-05-27;;;;8,8;
2016-05-28;;;;11,5;
2016-05-29;;;;;
2016-05-30;;;;;
2016-05-31;;;;;
2016-06-01;;;;;
2016-06-02;;;;;
2016-06-03;;;;;
2016-06-04;;;;;
2016-06-05;;;;;
2016-06-06;;;;;
2016-06-07;;;;;
2016-06-08;;;;;
2016-06-09;;;;;
2016-06-10;;;;;
2016-06-11;;;;;
2016-06-12;;;;;
2016-06-13;;;;;
2016-06-14;;;;;
2016-06-15;;;;;
2016-06-16;;;;;
2016-06-17;;;;;
2016-06-18;;;;;
2016-06-19;;;;;
2016-06-20;;;;;
2016-06-21;;;;;
2016-06-22;;;;;
2016-06-23;;;;;
2016-06-24;;;;;
2016-06-25;;;;;
2016-06-26;;;;;
2016-06-27;;;;;
2016-06-28;;;;;
2016-06-29;;;;;
2016-06-30;;;;;
2016-07-01;;;;;
2016-07-02;;;;;
2016-07-03;;;;;
2016-07-04;;;;;
2016-07-05;;;;;
2016-07-06;;;;;
2016-07-07;;;;;
2016-07-08;;;;;
2016-07-09;;;;;
2016-07-10;;;;;
2016-07-11;;;;;
2016-07-12;;;;;
2016-07-13;;;;;
2016-07-14;;;;;
2016-07-15;;;;;
2016-07-16;;;;;
2016-07-17;;;;;
2016-07-18;;;;;
2016-07-19;;;;;
2016-07-20;;;;;
2016-07-21;;;;;
2016-07-22;;;;;
2016-07-23;;;;;
2016-07-24;;;;;
2016-07-25;;;;11,6;
2016-07-26;;14,870833;82,833333;16,9;
2016-07-27;,2;10,9375;73,625;20,3;
2016-07-28;0;8,704167;82;9,4;
2016-07-29;,2;10,133333;87,166667;9,1;
2016-07-30;0;14,2375;82,708333;10,1;
2016-07-31;0;17,591667;77,541667;7,9;
2016-08-01;,4;15,5125;79,916667;15;
2016-08-02;0;10,741667;81,166667;10,9;
2016-08-03;0;10,925;84,541667;6,7;
2016-08-04;0;15,1375;86,083333;10,3;
2016-08-05;1;18,158333;82,125;8;
2016-08-06;12,2;12,541667;89,625;8,7;
2016-08-07;2,6;10,695833;78,125;8,9;
2016-08-08;,2;9,858333;84,291667;5,1;
2016-08-09;,4;11,9875;83,583333;9,2;
2016-08-10;1,2;10,708333;85,083333;7,7;
2016-08-11;0;11,541667;87,083333;6,2;
2016-08-12;0;12,8375;84,708333;6,4;
2016-08-13;,2;15,204167;80,083333;7,6;
2016-08-14;0;15,029167;77,083333;6,2;
2016-08-15;0;16,983333;77,625;11,1;
2016-08-16;0;15,145833;68,083333;9,8;
2016-08-17;16,2;15,3125;64,25;17,4;
2016-08-18;0;12,6;57,041667;7,3;
2016-08-19;0;13,729167;75,208333;8,6;
2016-08-20;8;13,516667;83,875;14,8;
2016-08-21;,6;10,725;76,958333;13,1;
2016-08-22;,4;10,566667;64,208333;10,4;
2016-08-23;0;14,25;55,833333;8,6;
2016-08-24;0;14,904167;74,708333;7,8;
2016-08-25;0;14,741667;85,875;6,7;
2016-08-26;,2;18,0125;74,791667;7,6;
2016-08-27;0;20,491667;76,291667;9,9;
2016-08-28;1;15,8875;91,458333;11;
2016-08-29;12,4;15,195833;94,125;9,9;
2016-08-30;44,4;16,045833;95,375;9,9;
2016-08-31;17,2;14,283333;90,541667;9,5;
2016-09-01;3;13,045833;83,625;7,9;
2016-09-02;0;12,870833;83,083333;14,5;
2016-09-03;4,4;12,154167;88,916667;12,4;
2016-09-04;7,6;13,645833;91,958333;10,3;
2016-09-05;4,2;15,354167;91,416667;9;
2016-09-06;26,4;13,295833;81,25;16,6;
2016-09-07;7,8;12,6;87,916667;17,6;
2016-09-08;4,2;14,108333;79,375;12,9;
2016-09-09;,2;14,675;80,125;6,6;
2016-09-10;0;17,066667;80,166667;6,7;
2016-09-11;,2;13,616667;90,083333;7,1;
2016-09-12;0;17,508333;86,125;11,1;
2016-09-13;32;17,254167;74,583333;20,4;
2016-09-14;0;13,7375;64,916667;23,5;
2016-09-15;,2;11,183333;75,541667;15,4;
2016-09-16;,2;11,358333;82,166667;8,1;
2016-09-17;0;14,775;82,875;8,3;
2016-09-18;0;15,15;84,75;9,2;
2016-09-19;0;13,029167;78,583333;14,9;
2016-09-20;0;15,183333;82,75;10,2;
2016-09-21;,2;17,0125;77,833333;10,5;
2016-09-22;0;17,820833;74;11,4;
2016-09-23;0;14,4125;71,916667;13,5;
2016-09-24;0;11,045833;70,125;11,6;
2016-09-25;0;12,583333;76,375;10,4;
2016-09-26;0;11,2375;78,5;6,8;
2016-09-27;0;12,954167;82,333333;8,8;
2016-09-28;0;15,220833;82,166667;10,5;
2016-09-29;0;13,929167;71,5;9,6;
2016-09-30;0;14,1875;70,083333;10,1;
2016-10-01;0;16,025;70,625;11,9;
2016-10-02;0;16,641667;73,875;12,4;
2016-10-03;0;16,658333;77,291667;12,8;
2016-10-04;0;16,054167;81,333333;9,3;
2016-10-05;,4;16,679167;78,416667;13;
2016-10-06;0;16,966667;69,916667;10,5;
2016-10-07;0;17,179167;73,958333;9,5;
2016-10-08;6;15,629167;69,333333;13,9;
2016-10-09;0;12,708333;70,791667;9,7;
2016-10-10;0;14,866667;69,208333;8,6;
2016-10-11;0;17,8125;72,791667;11,7;
2016-10-12;0;19,55;79,791667;9,6;
2016-10-13;1,4;19,05;85,625;10,1;
2016-10-14;0;17,391667;86,791667;8,4;
2016-10-15;,2;18,8375;86,041667;19,8;
2016-10-16;4;20,466667;88,75;20,5;
2016-10-17;27,4;19,304167;88,708333;11;
2016-10-18;1,8;15,443478;87,826087;8,3;
2016-10-19;10,4;17,575;92,416667;14,6;
2016-10-20;12,2;17,470833;84,208333;16,9;
2016-10-21;,4;14,8875;79,916667;11;
2016-10-22;,4;15,375;79,333333;8,1;
2016-10-23;0;18,979167;82,166667;10,2;
2016-10-24;0;18,595833;89,708333;14,6;
2016-10-25;1,4;18,066667;89,208333;16,3;
2016-10-26;1,4;19,704167;87,333333;13,1;
2016-10-27;7,8;15,120833;76,666667;30,6;
2016-10-28;1,6;14,15;68,708333;18,9;
2016-10-29;0;14,266667;75,666667;9,9;
2016-10-30;0;18,304167;69,75;13,4;
2016-10-31;0;20,9125;72,583333;11,7;
2016-11-01;0;20,3125;86,458333;10,6;
2016-11-02;73,4;17,629167;68,791667;20,9;
2016-11-03;0;16,5375;57,208333;7,5;
2016-11-04;0;20,845833;56,875;7,7;
2016-11-05;0;22,7;57,791667;9,3;
2016-11-06;0;21,4625;74;10,8;
2016-11-07;0;23,433333;73,875;8,2;
2016-11-08;0;21,095833;84,041667;6,9;
2016-11-09;0;21,766667;84,5;8,2;
2016-11-10;0;21,629167;63,625;9,5;
2016-11-11;0;18,554167;49,666667;16,5;
2016-11-12;0;17,070833;52,5;10,3;
2016-11-13;0;19,970833;65,5;12,3;
2016-11-14;0;22,704167;72,083333;12;
2016-11-15;0;22,6625;76,375;10,1;
2016-11-16;0;21,2;86,541667;12,1;
2016-11-17;10,4;17,245833;82;16,2;
2016-11-18;9,8;16,241667;67,083333;13,2;
2016-11-19;0;17,620833;61,75;8,4;
2016-11-20;0;18,595833;65,791667;9,3;
2016-11-21;0;17,025;76,583333;12,6;
2016-11-22;0;15,1;73,083333;6,9;
2016-11-23;0;17,2625;67,083333;9,4;
2016-11-24;,2;17,908333;73,666667;9,5;
2016-11-25;0;20,1;71,416667;11;
2016-11-26;0;21,45;81,541667;11,5;
2016-11-27;10;22,379167;84,125;18,7;
2016-11-28;1,4;20,479167;76,833333;9,8;
2016-11-29;0;18,195833;73,791667;10,8;
2016-11-30;,2;18,741667;64,666667;9,1;
2016-12-01;0;20,795833;64,083333;12,6;
2016-12-02;0;23,666667;71,25;9,9;
2016-12-03;9,2;21,370833;84,791667;7,8;
2016-12-04;12,4;21,670833;75,541667;11,1;
2016-12-05;0;21,504167;70,666667;8;
2016-12-06;0;23,75;64,958333;11,3;
2016-12-07;0;22,129167;59,666667;7,2;
2016-12-08;0;21,158333;63,625;13,2;
2016-12-09;0;17,3875;62,666667;11;
2016-12-10;0;22,620833;67,666667;8,5;
2016-12-11;0;22,570833;59,041667;12,4;
2016-12-12;0;22,133333;59,625;13,1;
2016-12-13;0;22,558333;68,375;14,4;
2016-12-14;1,6;17,525;57,791667;16,4;
2016-12-15;0;17,0625;59,208333;8,9;
2016-12-16;0;20,691667;64,541667;13,5;
2016-12-17;0;23,7625;68,375;12;
2016-12-18;0;25,591667;73,333333;12,1;
2016-12-19;2;24,45;74,291667;9,5;
2016-12-20;5;22,283333;73;10;
2016-12-21;0;21,716667;75,583333;10,1;
2016-12-22;0;25,145833;79,125;8,8;
2016-12-23;2,8;26,233333;74,583333;13,1;
2016-12-24;2,8;21,933333;77,25;8,6;
2016-12-25;0;23,325;74,083333;14,5;
2016-12-26;24,2;24,183333;82,833333;11,1;
2016-12-27;15,6;21,8625;86,666667;7,9;
2016-12-28;1,4;22,970833;78,958333;7,5;
2016-12-29;0;22,608333;80,333333;9,8;
2016-12-30;,2;23,3125;83,875;11,2;
2016-12-31;0;25,45;82,083333;9,9;
2017-01-01;6;27,8375;77,291667;9,6;
2017-01-02;0;24,5625;78,458333;7,6;
2017-01-03;0;24,604167;78,791667;17,1;
2017-01-04;23,6;22,883333;81,208333;17,3;
2017-01-05;2,2;24,6375;75,541667;7,9;
2017-01-06;0;21,591667;62,916667;9,5;
2017-01-07;0;23,504167;71,375;10,2;
2017-01-08;0;24,925;83,041667;7,7;
2017-01-09;1,6;26,7;77,25;7,4;
2017-01-10;2,8;24,604167;78,625;11,4;
2017-01-11;0;23,508333;67,25;10,1;
2017-01-12;0;23,541667;60,541667;9,1;
2017-01-13;0;26,129167;68,625;10,1;
2017-01-14;0;23,258333;75,166667;9,9;
2017-01-15;3,4;23,791667;78,208333;11,3;
2017-01-16;,2;24,379167;84,75;10,9;
2017-01-17;23,2;24,775;78,833333;9,2;
2017-01-18;,8;23,695833;75,166667;11,2;
2017-01-19;0;23,375;65,916667;9,3;
2017-01-20;0;23,479167;65,291667;9;
2017-01-21;0;23,679167;66,875;9,6;
2017-01-22;0;24,216667;72,75;9,5;
2017-01-23;0;24,883333;75,125;9,4;
2017-01-24;0;25,316667;76,375;10,7;
2017-01-25;,4;23,608333;71,25;13,2;
2017-01-26;,8;20,695833;68,166667;13,7;
2017-01-27;0;18,691667;76,833333;7,5;
2017-01-28;1,6;20,233333;71,416667;7,4;
2017-01-29;0;24,266667;72,416667;10,6;
2017-01-30;0;26,5625;75,583333;11,2;
2017-01-31;0;27,2875;73,083333;11,5;
2017-02-01;0;27,275;71,125;11,3;
2017-02-02;0;26,05;77,583333;13,6;
2017-02-03;11;24,991667;80,916667;8,5;
2017-02-04;,4;25,879167;78,125;10,7;
2017-02-05;20,6;26,558333;68,125;14,2;
2017-02-06;0;20,958333;63,833333;13,1;
2017-02-07;0;19,491667;69,208333;9,9;
2017-02-08;0;20,0125;69,375;10,1;
2017-02-09;0;24,408333;68,041667;12,6;
2017-02-10;0;25,7;71,25;11,2;
2017-02-11;0;25,4;76,291667;9,2;
2017-02-12;0;25,625;79,333333;6,4;
2017-02-13;7,4;25,591667;78,416667;12;
2017-02-14;0;26,529167;76,208333;11,1;
2017-02-15;,2;26,716667;74;12,3;
2017-02-16;0;26,925;73,625;11,3;
2017-02-17;5,2;24,916667;73,708333;12;
2017-02-18;,2;25,504167;82,166667;8,9;
2017-02-19;5,8;25,308333;80,041667;8,2;
2017-02-20;0;26,966667;80,041667;7,5;
2017-02-21;0;26,670833;80,458333;6,9;
2017-02-22;,4;26,283333;76,166667;6;
2017-02-23;4;24,729167;78,875;12,6;
2017-02-24;19,6;24,3625;78,583333;5,5;
2017-02-25;0;25,3;73,791667;6,4;
2017-02-26;0;26,266667;71,25;7,5;
2017-02-27;0;26,3;68,083333;9;
2017-02-28;0;26,170833;71,666667;7,5;
2017-03-01;0;28,4;68,125;8,6;
2017-03-02;0;27,891667;71,208333;9;
2017-03-03;0;27,104167;77;12,9;
2017-03-04;56,4;24,066667;85,25;11,8;
2017-03-05;10,6;23,5625;68,583333;10;
2017-03-06;,4;23,583333;68,583333;7,5;
2017-03-07;0;23,529167;69,125;7,5;
2017-03-08;0;25,525;68,75;11,2;
2017-03-09;0;24,391667;82,458333;20,6;
2017-03-10;36,4;22,283333;75,166667;11,1;
2017-03-11;0;20,591667;65,916667;7,4;
2017-03-12;46;20,995833;72,25;16,6;
2017-03-13;0;17,875;63,333333;12,4;
2017-03-14;0;20,608333;63,458333;6,7;
2017-03-15;0;23,604167;68,208333;9,9;
2017-03-16;12,8;21,075;82,375;15,7;
2017-03-17;2,2;16,808333;68,75;12,3;
2017-03-18;0;16,895833;73,416667;8,8;
2017-03-19;,2;20,391667;66,083333;7,4;
2017-03-20;0;19,858333;73,291667;9,6;
2017-03-21;,2;21,6625;76,916667;9,8;
2017-03-22;0;23,258333;73,791667;11,3;
2017-03-23;0;23,120833;78,833333;8,9;
2017-03-24;,6;22,129167;79,75;8,1;
2017-03-25;1,4;22,375;76,5;9,8;
2017-03-26;0;23,291667;67,916667;12,6;
2017-03-27;,2;23,058333;75,791667;9,4;
2017-03-28;0;22,904167;68,291667;9,5;
2017-03-29;0;22,445833;70,625;10,8;
2017-03-30;1;21,825;69,125;11,3;
2017-03-31;,8;21,675;66,291667;9,4;
2017-04-01;0;22,091667;67,333333;10,8;
2017-04-02;0;21,933333;70,791667;12;
2017-04-03;0;23,154167;73,208333;10,9;
2017-04-04;0;23,966667;75,125;8,6;
2017-04-05;0;23,566667;77,958333;9;
2017-04-06;1;19,775;71,666667;9,9;
2017-04-07;0;21,258333;69,541667;12,7;
2017-04-08;0;22,895833;76,625;14,3;
2017-04-09;0;23,533333;81,083333;16,3;
2017-04-10;27,4;22,754167;87,416667;15;
2017-04-11;44;19,758333;69,958333;14,1;
2017-04-12;0;16,779167;70,083333;11,1;
2017-04-13;0;18,004167;57,625;6;
2017-04-14;0;19,4625;64,208333;8,8;
2017-04-15;0;20,225;76,875;7,9;
2017-04-16;5,8;19,541667;77,583333;9,2;
2017-04-17;,2;17,395833;82,833333;7,7;
2017-04-18;5,2;19,716667;69,375;9,9;
2017-04-19;0;20,920833;70,75;15;
2017-04-20;0;20,433333;81,5;13,8;
2017-04-21;8,8;19,083333;86,708333;8,2;
2017-04-22;,2;15,7625;78,25;7,9;
2017-04-23;,2;15,316667;74,166667;5,3;
2017-04-24;0;17,879167;74,375;8,1;
2017-04-25;0;20,3375;79;8;
2017-04-26;,6;17,395833;67,166667;17,4;
2017-04-27;0;13,7;55,083333;16,5;
2017-04-28;0;15,716667;53,666667;9,9;
2017-04-29;0;16,933333;60,708333;6,7;
2017-04-30;0;17,341667;67,708333;4,5;
2017-05-01;,2;15,908333;79,916667;4,7;
2017-05-02;,4;18,6875;84,25;8,6;
2017-05-03;0;19,420833;86,416667;7,2;
2017-05-04;,2;19,833333;88,583333;6,2;
2017-05-05;0;19,6875;84,916667;5,6;
2017-05-06;,2;19,741667;84,708333;8,5;
2017-05-07;0;20,720833;80,75;11,2;
2017-05-08;0;20,916667;81,833333;11,1;
2017-05-09;0;18,125;77,875;11,4;
2017-05-10;,2;13,366667;76,833333;10,7;
2017-05-11;0;13,491667;80,375;7;
2017-05-12;0;17,4875;81,5;10,3;
2017-05-13;49,8;18,129167;85,333333;19,8;
2017-05-14;,4;17,645833;84,875;12,2;
2017-05-15;,2;15,520833;85,291667;8,9;
2017-05-16;,4;14,225;82,375;6,9;
2017-05-17;,2;14,795833;84,583333;7,7;
2017-05-18;0;19,445833;80,333333;14,3;
2017-05-19;3;19,495833;75,666667;19,1;
2017-05-20;4;19,283333;82,75;15,5;
2017-05-21;37;14,908333;77,208333;10,9;
2017-05-22;0;15,770833;74;5,2;
2017-05-23;,2;17,770833;84,583333;10,1;
2017-05-24;0;18,916667;79,833333;7,8;
2017-05-25;16,4;19,616667;88,833333;16,1;
2017-05-26;58,8;18,3375;89,333333;11,9;
2017-05-27;;;70,380952;11,7;
2017-05-28;0;17,622727;75,590909;13,3;
2017-05-29;;;87,529412;12,3;
2017-05-30;1,6;14,675;82,75;7,9;
2017-05-31;0;15,6375;68,916667;6,7;
2017-06-01;0;16,408333;76,375;6,9;
2017-06-02;1,6;13,1625;87,291667;7,9;
2017-06-03;,2;13,854167;85,083333;8,3;
2017-06-04;0;15,341667;82,291667;5,4;
2017-06-05;0;14,208333;80,541667;9,3;
2017-06-06;0;13,591667;78,583333;6,5;
2017-06-07;,2;14,829167;84,583333;6,8;
2017-06-08;4,8;15,329167;87,625;19,8;
2017-06-09;18,4;11,879167;81,916667;12,2;
2017-06-10;5;13,25;65,583333;14,7;
2017-06-11;0;13,879167;70,041667;9,3;
2017-06-12;,2;11,833333;79,333333;4,4;
2017-06-13;,2;12,391667;85,041667;4,1;
2017-06-14;,4;13,358333;89,916667;5,8;
2017-06-15;0;16,954167;82,583333;11,1;
2017-06-16;0;18,566667;78,416667;10;
2017-06-17;0;20,85;67,833333;8,6;
2017-06-18;,8;13,816667;79,5;12,1;
2017-06-19;1;9,545833;69,791667;13;
2017-06-20;0;7,716667;73,041667;6,1;
2017-06-21;,2;11,816667;81,541667;10;
2017-06-22;,2;15,704167;81,625;9,6;
2017-06-23;,2;17,270833;78,375;10,4;
2017-06-24;,2;19,033333;74,041667;8,8;
2017-06-25;0;18,1125;78,416667;8,8;
2017-06-26;0;17,679167;78,458333;9,3;
2017-06-27;0;18,5625;73,333333;10,5;
2017-06-28;,2;16,4875;84,916667;8,3;
2017-06-29;0;14,695833;90,833333;5,8;
2017-06-30;0;14,216667;83,791667;9,1;
2017-07-01;3,6;10,808333;79,416667;8,7;
2017-07-02;6,8;10,1125;80,333333;6,1;
2017-07-03;7,4;15,116667;67,791667;12,8;
2017-07-04;7,4;16,433333;76,333333;13,5;
2017-07-05;6;17,120833;76,916667;11,4;
2017-07-06;0;17,4125;76,083333;8,2;
2017-07-07;0;15,9625;84,541667;7,2;
2017-07-08;0;17,441667;79,5;9,6;
2017-07-09;0;18,395833;76,291667;8;
2017-07-10;0;18,154167;80,708333;6,2;
2017-07-11;0;16,241667;87,291667;8,3;
2017-07-12;,2;17,408333;87,916667;8,7;
2017-07-13;0;18,266667;85,25;11,7;
2017-07-14;0;20,2875;72,416667;8,5;
2017-07-15;0;22,133333;62,416667;11,2;
2017-07-16;,2;13,258333;81;13,8;
2017-07-17;0;7,775;74,125;13,5;
2017-07-18;0;6,395833;63,125;10;
2017-07-19;,2;8,575;62,083333;6,2;
2017-07-20;0;11,279167;65,666667;6,9;
2017-07-21;,2;11,479167;67,458333;9,8;
2017-07-22;,2;10,5125;82,958333;8;
2017-07-23;0;15,625;78,166667;9;
2017-07-24;,2;18,341667;65,916667;8,7;
2017-07-25;,2;16,204167;87,875;8,1;
2017-07-26;,2;17,454167;90,458333;8,1;
2017-07-27;0;15,670833;93,583333;6,5;
2017-07-28;0;16,908333;85,208333;10,2;
2017-07-29;,2;19,0375;73,583333;8,9;
2017-07-30;0;;73,857143;8,7;
2017-07-31;;;;;
2017-08-01;;;;;
2017-08-02;;;;;
2017-08-03;;;;;
2017-08-04;;;;;
2017-08-05;;;;;
2017-08-06;;;;;
2017-08-07;;;;;
2017-08-08;;;;;
2017-08-09;;;;;
2017-08-10;;;;;
2017-08-11;;;;;
2017-08-12;;;;;
2017-08-13;;;;;
2017-08-14;;;;;
2017-08-15;;;;;
2017-08-16;;;;;
2017-08-17;;;;;
2017-08-18;;;;;
2017-08-19;;;;;
2017-08-20;;;;;
2017-08-21;;;;;
2017-08-22;;;;;
2017-08-23;;;;;
2017-08-24;;;;;
2017-08-25;;;;;
2017-08-26;;;;;
2017-08-27;;;;;
2017-08-28;;;;;
2017-08-29;;;;;
2017-08-30;;;;;
2017-08-31;;;;;
2017-09-01;;;;;
2017-09-02;;;;;
2017-09-03;;;;;
2017-09-04;;;;;
2017-09-05;;;;;
2017-09-06;;;;;
2017-09-07;;;;;
2017-09-08;;;;;
2017-09-09;;;;;
2017-09-10;;;;;
2017-09-11;;;;;
2017-09-12;;;;;
2017-09-13;;;;;
2017-09-14;;;;;
2017-09-15;;;;;
2017-09-16;;;;;
2017-09-17;;;;;
2017-09-18;;;;;
2017-09-19;;;;;
2017-09-20;;;;;
2017-09-21;;;;;
2017-09-22;;;;;
2017-09-23;;;;;
2017-09-24;;;;;
2017-09-25;;;;9,4;
2017-09-26;;19,983333;84,125;7,1;
2017-09-27;13,2;17,8625;88,041667;11,2;
2017-09-28;1,8;17,270833;62,875;10,9;
2017-09-29;0;17,525;66,125;12,8;
2017-09-30;11,4;17,5875;87,875;10,6;
2017-10-01;1,2;18,333333;84,708333;10;
2017-10-02;9,8;16,854167;75,083333;15,5;
2017-10-03;4,4;16,4875;63,041667;14,3;
2017-10-04;0;20,083333;57,833333;11;
2017-10-05;0;21,8625;60,416667;13,2;
2017-10-06;0;20,020833;73;12,8;
2017-10-07;0;17,466667;58,75;12,2;
2017-10-08;0;18,645833;67,916667;13,3;
2017-10-09;,4;21,375;77,916667;12;
2017-10-10;0;17,654167;72,208333;9,1;
2017-10-11;,6;17,5125;75,291667;11,4;
2017-10-12;31;15,679167;85,416667;17,3;
2017-10-13;53,2;17,020833;91,333333;14,2;
2017-10-14;9,8;15,641667;82,291667;9,5;
2017-10-15;,2;17,15;69,208333;6,6;
2017-10-16;0;19,083333;72,166667;12,8;
2017-10-17;0;20,620833;76,666667;14,7;
2017-10-18;,2;20,166667;88,5;11,8;
2017-10-19;38;18,925;79,666667;17,4;
2017-10-20;0;16,920833;73,541667;11,3;
2017-10-21;3;19,529167;82,666667;11,8;
2017-10-22;2,8;14,879167;61,083333;17,3;
2017-10-23;0;13,9;63,75;9,6;
2017-10-24;0;16,766667;68,708333;10,1;
2017-10-25;0;19,95;76,291667;10;
2017-10-26;0;20,0375;84,958333;9,7;
2017-10-27;,4;20,504167;85,458333;18,3;
2017-10-28;77,8;18,95;82,75;10,8;
2017-10-29;0;19,316667;74,208333;11,3;
2017-10-30;,6;20,958333;76,541667;14,3;
2017-10-31;0;17,8375;60;13;
2017-11-01;0;17,995833;62,375;7;
2017-11-02;0;20,329167;64,208333;16;
2017-11-03;0;22,270833;70,791667;14,8;
2017-11-04;1;19,3125;69,625;9;
2017-11-05;0;17,441667;66,708333;7,1;
2017-11-06;0;19,083333;61,166667;9,8;
2017-11-07;0;19,895833;69,458333;12,6;
2017-11-08;4,8;20,291667;78,75;14,1;
2017-11-09;9,8;22,35;77,25;9,3;
2017-11-10;0;21,241667;68,916667;7;
2017-11-11;3,2;20,116667;62,875;16,9;
2017-11-12;,2;17,970833;66;16,4;
2017-11-13;0;19,595833;67,416667;9,5;
2017-11-14;0;20,4125;74,583333;8,7;
2017-11-15;0;25,304167;63,208333;10,2;
2017-11-16;2,2;18,75;81,541667;20,6;
2017-11-17;7,4;18,35;73,708333;9,3;
2017-11-18;0;19,525;69,458333;15,6;
2017-11-19;0;18,204167;48,625;10,5;
2017-11-20;0;18,904167;66,75;10,7;
2017-11-21;0;17,666667;78,958333;12,8;
2017-11-22;,6;15,045833;66,458333;8,4;
2017-11-23;0;20,416667;57,041667;11,1;
2017-11-24;0;18,9375;66,541667;12,4;
2017-11-25;0;15,933333;71,875;6,7;
2017-11-26;1,6;18,466667;77,75;8,5;
2017-11-27;0;21,720833;66,041667;12,5;
2017-11-28;0;18,65;61,708333;11,3;
2017-11-29;0;19,291667;61,708333;11,1;
2017-11-30;0;19,6125;65,083333;15,2;
2017-12-01;0;20,2125;70,583333;13,3;
2017-12-02;,8;20,65;79,083333;12,2;
2017-12-03;7,4;21,383333;84,25;9,4;
2017-12-04;1,6;19,529167;81,041667;11,8;
2017-12-05;,8;20,4;75,291667;10,9;
2017-12-06;,2;21,45;82,125;10,6;
2017-12-07;0;22,025;80,75;8,7;
2017-12-08;0;20,945833;78,541667;7,4;
2017-12-09;0;23,216667;72,708333;15,8;
2017-12-10;6,6;23,3375;64,375;14,8;
2017-12-11;0;18,420833;66;11,9;
2017-12-12;0;19,970833;58,166667;12,9;
2017-12-13;0;23,5875;63,875;10,9;
2017-12-14;0;25,495833;69,25;12,2;
2017-12-15;0;24,158333;61,666667;8;
2017-12-16;0;24,7625;74,916667;9,8;
2017-12-17;0;23,375;80,458333;21;
2017-12-18;8,4;19,304167;53,458333;12,5;
2017-12-19;0;20,15;63,666667;11,8;
2017-12-20;0;21,3125;81,25;11,1;
2017-12-21;0;23,383333;83,541667;10;
2017-12-22;0;24,270833;79,208333;9,7;
2017-12-23;0;23,133333;86,875;10,3;
2017-12-24;4,4;20,991667;67,375;12;
2017-12-25;0;19,620833;59,291667;9,1;
2017-12-26;0;22,108333;68,416667;10,6;
2017-12-27;0;23,895833;76,416667;9,5;
2017-12-28;0;23,875;80,708333;10;
2017-12-29;0;24,070833;77,25;11,2;
2017-12-30;0;25,416667;69,291667;10,4;
2017-12-31;0;25,266667;71,708333;9,5;
2018-01-01;2;23,591667;78,25;8,6;
2018-01-02;22,8;21,8;83,208333;10,3;
2018-01-03;2,8;21,783333;68,625;15,1;
2018-01-04;0;26,366667;53,708333;9;
2018-01-05;0;28,9;53,166667;10;
2018-01-06;1;22,15;62,041667;15,5;
2018-01-07;0;19,070833;60,458333;7,3;
2018-01-08;0;22,879167;56,041667;10;
2018-01-09;0;23,691667;61,916667;15,5;
2018-01-10;,6;25,591667;75,208333;11,9;
2018-01-11;0;24,854167;72,166667;11,6;
2018-01-12;,2;24,6875;76,75;11;
2018-01-13;,4;24,958333;75,5;10,2;
2018-01-14;0;24,595833;81,041667;8,7;
2018-01-15;23,8;24,741667;79,25;11,9;
2018-01-16;2,6;24,108333;69,791667;9;
2018-01-17;0;23,875;74,125;10,5;
2018-01-18;10,2;24,008333;77,791667;14,4;
2018-01-19;0;23,579167;70,875;8,3;
2018-01-20;0;25,5625;64,875;10,2;
2018-01-21;6,2;23,766667;78,75;12,6;
2018-01-22;,6;24,670833;78,541667;7,9;
2018-01-23;4,2;25,908333;77,5;15,8;
2018-01-24;18,6;24,520833;74,333333;14,2;
2018-01-25;0;21,775;63,041667;10,9;
2018-01-26;0;23,008333;55,166667;12,1;
2018-01-27;0;23,491667;64,791667;13,7;
2018-01-28;,6;24,7125;77,208333;14;
2018-01-29;0;22,091667;70,583333;11;
2018-01-30;,6;24,233333;68,958333;12;
2018-01-31;0;24,3625;68,125;10,8;
2018-02-01;0;23,841667;64,833333;8,1;
2018-02-02;0;23,75;70,041667;9,4;
2018-02-03;,2;22,65;65,125;8,5;
2018-02-04;0;23,641667;61,291667;10,9;
2018-02-05;0;24,1875;68,333333;11,3;
2018-02-06;,2;24,266667;70,166667;10,8;
2018-02-07;0;24,579167;72,458333;11;
2018-02-08;0;25,2125;69,416667;11,7;
2018-02-09;0;25,8375;75,625;17,1;
2018-02-10;29,8;23,554167;77,541667;9,5;
2018-02-11;1,2;22,408333;65,125;8,1;
2018-02-12;4;19,504167;62,375;11,3;
2018-02-13;0;18,341667;66,75;6,9;
2018-02-14;0;22,395833;57,375;9;
2018-02-15;0;23,295833;59,75;11,1;
2018-02-16;0;23,354167;64,916667;10,6;
2018-02-17;,2;23,883333;67,416667;10,5;
2018-02-18;0;24,320833;71,625;10,8;
2018-02-19;0;26,370833;70,458333;8,7;
2018-02-20;0;24,083333;80,291667;10,3;
2018-02-21;3,2;22,8875;80,583333;17,3;
2018-02-22;6;20,85;76,708333;12,3;
2018-02-23;,2;20,808333;69;9,2;
2018-02-24;0;22,804167;67,125;9;
2018-02-25;0;22,545833;71,416667;8,5;
2018-02-26;0;23,445833;67,375;8,3;
2018-02-27;0;22,875;72,875;15,9;
2018-02-28;20,4;21,779167;80,041667;8,2;
2018-03-01;0;24,825;74,666667;7,3;
2018-03-02;0;23,083333;76,875;7,7;
2018-03-03;,2;23,054167;76,958333;7,5;
2018-03-04;,4;24,854167;77,375;9,1;
2018-03-05;3,6;24,345833;75,875;6,8;
2018-03-06;0;21,7125;69,333333;11,2;
2018-03-07;0;19,0125;69,75;11;
2018-03-08;,2;19,170833;72,041667;7,9;
2018-03-09;0;20,670833;73,583333;11,4;
2018-03-10;0;24,204167;71,583333;8,9;
2018-03-11;,2;23,354167;80;13,9;
2018-03-12;2,2;17,991667;67,291667;12,4;
2018-03-13;,2;19,2875;66,5;5,6;
2018-03-14;0;21,295833;68,041667;7,9;
2018-03-15;13,4;22,154167;69,375;17,6;
2018-03-16;0;19,270833;74,541667;7;
2018-03-17;0;22,4;76,708333;9,2;
2018-03-18;1;25,4625;77,5;23,4;
2018-03-19;7,8;19,775;69,541667;15,6;
2018-03-20;0;18,9625;71,083333;7;
2018-03-21;0;18,679167;70,208333;11;
2018-03-22;,2;17,258333;65,625;7,3;
2018-03-23;0;21,970833;67,25;8,9;
2018-03-24;19,4;21,329167;87,666667;21;
2018-03-25;25,8;19,0625;82,541667;16;
2018-03-26;1,2;16,958333;64,625;10,4;
2018-03-27;0;21,558333;64,375;10;
2018-03-28;0;22,683333;75,333333;7;
2018-03-29;0;23,083333;78,958333;5,8;
2018-03-30;,2;22,15;80,375;6,1;
2018-03-31;0;21,708333;86,541667;7,2;
2018-04-01;,8;22,129167;86,666667;11,1;
2018-04-02;23,6;22,0125;80,958333;11,5;
2018-04-03;0;20,729167;85,5;5,4;
2018-04-04;7,4;20,1625;80,833333;7;
2018-04-05;,2;19,891667;78,458333;5,5;
2018-04-06;0;20,483333;79,666667;7,6;
2018-04-07;,2;23,270833;74,166667;6,7;
2018-04-08;0;22,7;78,708333;6,9;
2018-04-09;0;23,108333;80,666667;8,7;
2018-04-10;0;24,758333;73,958333;9,8;
2018-04-11;0;25,833333;76;9,7;
2018-04-12;0;25,033333;76;10,8;
2018-04-13;9,2;20,241667;59,583333;11,2;
2018-04-14;0;20,991667;53,125;9,5;
2018-04-15;0;20,908333;72,291667;9,4;
2018-04-16;1,2;21,5125;67,291667;11,5;
2018-04-17;0;22,1375;64,375;9,6;
2018-04-18;0;22,158333;73,083333;7,6;
2018-04-19;0;24,229167;70,291667;6;
2018-04-20;0;24,083333;75,083333;9,1;
2018-04-21;7,2;22,183333;81,666667;9,7;
2018-04-22;3,2;21,5375;86,583333;7,9;
2018-04-23;11,6;23,354167;81,458333;8,1;
2018-04-24;0;22,683333;85,291667;6,7;
2018-04-25;1;23,7625;83,25;7,6;
2018-04-26;,2;22,116667;84,916667;6,8;
2018-04-27;0;24,004167;82,083333;6,5;
2018-04-28;0;23,829167;84,458333;7,1;
2018-04-29;0;23,9875;81,666667;7,1;
2018-04-30;11;21,1625;83,541667;14,2;
2018-05-01;9;19,65;66,166667;7,7;
2018-05-02;5;20,283333;72,166667;9,9;
2018-05-03;13,6;21,408333;84,25;10;
2018-05-04;4,8;19,420833;88,125;6,7;
2018-05-05;,8;20,820833;84,208333;8,6;
2018-05-06;,2;21,625;72;9,6;
2018-05-07;0;20,683333;65,166667;10;
2018-05-08;0;21,4375;69,583333;11,8;
2018-05-09;0;21,6125;80,291667;11,1;
2018-05-10;1;21,808333;84,291667;7,1;
2018-05-11;0;21,445833;72,916667;15,1;
2018-05-12;0;16,6875;75,083333;14,5;
2018-05-13;,2;13,825;76,375;6,5;
2018-05-14;0;18,233333;76,041667;11,2;
2018-05-15;0;18,258333;83,416667;7,8;
2018-05-16;0;13,983333;73,041667;9,6;
2018-05-17;,2;12,208333;74,916667;5,9;
2018-05-18;7,2;13,8;80,625;6,3;
2018-05-19;1,4;14,058333;85,833333;12,2;
2018-05-20;16,2;13,3;83,583333;12,4;
2018-05-21;,4;13,3125;79,125;9,6;
2018-05-22;;11,7;77,5;10,2;
2018-05-23;;10,7375;70,666667;9,4;
2018-05-24;;11,258333;71,5;8,5;
2018-05-25;;10,908333;84,416667;4,9;
2018-05-26;;14,975;81,875;7;
2018-05-27;;18,154167;82,083333;9;
2018-05-28;;20,1875;75,291667;9,2;
2018-05-29;;19,55;73,958333;8,4;
2018-05-30;;19,5375;72,791667;8,3;
2018-05-31;;17,066667;90,333333;4,8;
2018-06-01;;16,7625;91,291667;8,8;
2018-06-02;;12,533333;77,958333;16,1;
2018-06-03;;12,204167;81,666667;10,2;
2018-06-04;;14,458333;80;6,8;
2018-06-05;;14,5;87,208333;10,5;
2018-06-06;;10,583333;78,833333;10,5;
2018-06-07;;10,458333;69,708333;13;
2018-06-08;;9,775;69,208333;10,7;
2018-06-09;;12,529167;72,25;7;
2018-06-10;;15,841667;81,458333;9,9;
2018-06-11;;17,475;90,083333;11,5;
2018-06-12;;15,233333;86,666667;13,3;
2018-06-13;;10,7125;68,333333;20,5;
2018-06-14;;8,075;76,083333;11;
2018-06-15;;6,95;79,5;9,9;
2018-06-16;;7,625;85,541667;8,4;
2018-06-17;;9,133333;90,166667;5,9;
2018-06-18;;7,8375;88,875;5,1;
2018-06-19;;10,716667;89,333333;8,7;
2018-06-20;;14,141667;82,125;7,2;
2018-06-21;;15,833333;77,666667;10,4;
2018-06-22;;9,420833;70,208333;7;
2018-06-23;;11,9;84,75;10,1;
2018-06-24;;9,779167;75,541667;8,7;
2018-06-25;;9,791667;81,083333;7,3;
2018-06-26;;9,7;77,916667;6,2;
2018-06-27;;10,470833;79,291667;5,7;
2018-06-28;;11,104167;92,958333;5,2;
2018-06-29;;14,2625;92,25;7,3;
2018-06-30;;14,4875;91,458333;5,7;
2018-07-01;;15,516667;87,416667;8,6;
2018-07-02;;15,583333;90,75;13,8;
2018-07-03;;9,404167;73,5;13,6;
2018-07-04;,4;8,0375;73,875;8,1;
2018-07-05;,4;10,504167;80,833333;4,2;
2018-07-06;,4;13,8625;80,416667;8,1;
2018-07-07;35,8;14,241667;91,375;17;
2018-07-08;12;13,491667;86,083333;14,4;
2018-07-09;7,8;12,008333;86,375;14,9;
2018-07-10;2;11,933333;83,458333;9,6;
2018-07-11;,4;10,520833;89,666667;5,2;
2018-07-12;0;10,25;88,875;5,8;
2018-07-13;,2;12,4;77,791667;7,3;
2018-07-14;,2;14,054167;82,166667;7,1;
2018-07-15;0;16,258333;81,583333;8,1;
2018-07-16;15,6;13,645833;80,833333;9,3;
2018-07-17;18;15;87,291667;16,5;
2018-07-18;32;17,25;90,416667;9,9;
2018-07-19;4;18,525;82,666667;9,7;
2018-07-20;1;15,6125;85,958333;13,7;
2018-07-21;4,6;10,375;59,916667;15,2;
2018-07-22;0;10,175;78,958333;11,3;
2018-07-23;12,6;10,891667;84,416667;12,3;
2018-07-24;1,2;11,7875;73,333333;10;
2018-07-25;1;13,8125;84,416667;10,4;
2018-07-26;42,8;14,8625;90,708333;14,6;
2018-07-27;7;11,775;83,125;8,3;
2018-07-28;0;12,104167;91,583333;7,6;
2018-07-29;26,2;12,670833;79,541667;14,9;
2018-07-30;,2;12,133333;76,541667;10,5;
2018-07-31;0;9,345833;77,416667;10;
2018-08-01;,2;8,108333;81,5;6,6;
2018-08-02;,2;12,8;83,333333;8,6;
2018-08-03;0;14,491667;88,458333;7,1;
2018-08-04;0;13,85;89,916667;9,9;
2018-08-05;,2;11,804167;79,625;11,7;
2018-08-06;,2;11,845833;80,166667;6,7;
2018-08-07;0;14,066667;76,833333;11,1;
2018-08-08;0;14,895833;86,125;15,9;
2018-08-09;2,6;11,145833;81,458333;17,9;
2018-08-10;2,4;10,108333;84,291667;16,1;
2018-08-11;2,4;13,945833;89,041667;10,9;
2018-08-12;2;14,375;86,25;5,4;
2018-08-13;1,2;15,970833;80,166667;10,6;
2018-08-14;,2;14,558333;85,416667;12,6;
2018-08-15;0;11,329167;80,458333;8,3;
2018-08-16;0;12,0125;81,833333;8,3;
2018-08-17;0;15,870833;73,333333;12,1;
2018-08-18;0;16,2625;74,875;10,6;
2018-08-19;0;13,05;87,25;13,3;
2018-08-20;0;9,35;72,958333;11,8;
2018-08-21;0;10,775;76,875;10,3;
2018-08-22;0;11,233333;85,916667;10,1;
2018-08-23;0;12,025;87,916667;9,6;
2018-08-24;0;12,825;91,166667;16,7;
2018-08-25;0;10,383333;71,208333;17,5;
2018-08-26;0;9,541667;60,541667;12,9;
2018-08-27;0;11,7125;63,208333;8,3;
2018-08-28;0;14,104167;73;7,6;
2018-08-29;0;16,583333;76,75;9,5;
2018-08-30;30,4;17,270833;89,208333;16,1;
2018-08-31;5,6;13,916667;91,708333;13,5;
2018-09-01;34,8;13,433333;89,791667;13,1;
2018-09-02;9;14,725;90,791667;15;
2018-09-03;1,6;15,033333;86,5;12,1;
2018-09-04;0;14,4625;79,541667;10;
2018-09-05;,4;14,175;78,083333;8,2;
2018-09-06;0;16,820833;70,958333;6,8;
2018-09-07;0;18,933333;70,458333;6,9;
2018-09-08;,2;16,725;81,875;8,6;
2018-09-09;0;16,908333;76,791667;10,9;
2018-09-10;0;16,058333;73,333333;10,1;
2018-09-11;0;15,716667;69,083333;10,6;
2018-09-12;0;15,8375;73,416667;11,2;
2018-09-13;0;17,066667;80,958333;10,1;
2018-09-14;2,8;16,566667;89,375;9,6;
2018-09-15;6,2;17,245833;84,083333;12,2;
2018-09-16;0;17,575;84,625;13;
2018-09-17;0;17,995833;85,666667;12,3;
2018-09-18;,4;17,7;87,375;8,6;
2018-09-19;,2;18,579167;78,875;12,3;
2018-09-20;0;16,408333;69,791667;7,5;
2018-09-21;0;18,8;77,375;8,2;
2018-09-22;0;22,4625;76,166667;11,7;
2018-09-23;28,6;19,716667;86,041667;23,1;
2018-09-24;20,4;18,141667;83,916667;9,9;
2018-09-25;0;17,6625;77,375;11,9;
2018-09-26;,4;19,608333;85,458333;11,2;
2018-09-27;29,2;16,966667;90,75;10,1;
2018-09-28;2,2;18,079167;89,708333;11,5;
2018-09-29;,4;20,770833;82,625;20,4;
2018-09-30;38,6;20,491667;78,041667;15,6;
2018-10-01;1,4;18,816667;85,458333;17,4;
2018-10-02;5,2;14,391667;63,125;14,3;
2018-10-03;0;13,175;71,875;9,2;
2018-10-04;0;15,495833;62,875;13,1;
2018-10-05;0;12,666667;70,25;10;
2018-10-06;0;12,925;74,75;8,8;
2018-10-07;0;18,675;74,875;9,4;
2018-10-08;0;20,966667;80,166667;10,2;
2018-10-09;4,8;19,716667;88,458333;13,5;
2018-10-10;8,4;16,858333;73,041667;11,1;
2018-10-11;;14,854167;62,833333;9;
2018-10-12;;16,183333;84,5;16,3;
2018-10-13;;15,954167;85,166667;15,6;
2018-10-14;;15,429167;75,708333;7,9;
2018-10-15;;17,504167;70,75;6,4;
2018-10-16;;20,158333;77,708333;10,1;
2018-10-17;;22,175;79,166667;10,4;
2018-10-18;;21,4;85,375;10,5;
2018-10-19;;18,433333;73,375;12,2;
2018-10-20;;16,7125;53,208333;8,6;
2018-10-21;;17,733333;56,875;9,9;
2018-10-22;;20,195833;71,5;8,6;
2018-10-23;;18,041667;70,625;9,5;
2018-10-24;;18,045833;61,875;12,7;
2018-10-25;;19,545833;77,291667;12,6;
2018-10-26;;19,091667;84,708333;10,8;
2018-10-27;;18,5125;77,125;11,8;
2018-10-28;;18,454167;66,791667;7,7;
2018-10-29;;19,054167;65;13;
2018-10-30;;21,154167;73,041667;10;
2018-10-31;;21,008333;81,75;10,8;
2018-11-01;;16,645833;73,166667;10,8;
2018-11-02;;15,254167;71,208333;10,1;
2018-11-03;;19,3125;71,583333;13,1;
2018-11-04;;17,9;75,75;7,3;
2018-11-05;;20,3875;70,333333;12,4;
2018-11-06;;21,05;76,541667;9;
2018-11-07;;20,125;72,833333;12,1;
2018-11-08;;21,333333;66,916667;15;
2018-11-09;;22,754167;65,125;15;
2018-11-10;;24,3625;73;10;
2018-11-11;;23,545833;80,791667;8,7;
2018-11-12;;23,129167;83,083333;10,8;
2018-11-13;;24,2375;79,25;14,5;
2018-11-14;;24,55;62,791667;17,3;
2018-11-15;;23,0875;51,625;9,3;
2018-11-16;;20,058333;70;9,8;
2018-11-17;;21,266667;77,25;15,3;
2018-11-18;;19,8875;70,625;15,5;
2018-11-19;;17,620833;49,541667;9,7;
2018-11-20;;20,225;64,333333;9,4;
2018-11-21;;22,75;69,458333;9,8;
2018-11-22;;23,745833;70,041667;12;
2018-11-23;;22,704167;81,583333;7,2;
2018-11-24;;22,104167;85,875;15,4;
2018-11-25;;18,6125;67,25;11,9;
2018-11-26;;18,020833;67,333333;9;
2018-11-27;;21,141667;65,208333;14,9;
2018-11-28;;21,625;78,083333;11,8;
2018-11-29;;23,054167;80;9,8;
2018-11-30;;21,9;77,333333;8;
2018-12-01;;20,820833;78,291667;16,4;
2018-12-02;;17,029167;65,125;15,7;
2018-12-03;;16,879167;53,208333;12,6;
2018-12-04;;20,479167;50,5;15,1;
2018-12-05;,2;17,833333;70;12,1;
2018-12-06;0;16,879167;70,75;13,8;
2018-12-07;0;15,629167;64,958333;10,4;
2018-12-08;0;16,333333;64,416667;8,5;
2018-12-09;0;21,675;62,083333;12;
2018-12-10;0;23,616667;66,541667;14,5;
2018-12-11;0;24,083333;68,666667;15,6;
2018-12-12;6;23,1125;79,041667;9,1;
2018-12-13;0;21,991667;69,375;12,4;
2018-12-14;,4;23,354167;74,625;15,9;
2018-12-15;1,4;22,2;68,166667;8,5;
2018-12-16;0;22,829167;73,583333;9,5;
2018-12-17;0;24,341667;83,791667;17,6;
2018-12-18;6,8;20,429167;84,083333;9,5;
2018-12-19;,2;21,1625;83,208333;11,5;
2018-12-20;18,4;23,3125;86,208333;8;
2018-12-21;,2;22,933333;86,708333;6,5;
2018-12-22;12,6;23,675;73,541667;10,6;
2018-12-23;0;21,270833;76,208333;8,7;
2018-12-24;0;22,25;72,125;8,5;
2018-12-25;0;22,766667;66,375;12;
2018-12-26;0;23,254167;71,041667;11,9;
2018-12-27;0;24,254167;73,083333;11,2;
2018-12-28;0;26,104167;73,458333;9,2;
2018-12-29;0;25,079167;78,5;11,3;
2018-12-30;0;26,720833;69,958333;12,8;
2018-12-31;0;23,445833;75,583333;9,5;
2019-01-01;0;25,3375;81,083333;10,2;
2019-01-02;0;27,666667;76,958333;11,8;
2019-01-03;18,8;22,020833;82,041667;14,9;
2019-01-04;1;20,004167;66,625;7,7;
2019-01-05;0;22,533333;62,708333;12,7;
2019-01-06;0;25,641667;68,833333;11,9;
2019-01-07;11;26,595833;77,208333;15,4;
2019-01-08;0;24,429167;69,166667;14,6;
2019-01-09;22,8;24,195833;77,416667;8,9;
2019-01-10;35,8;23,3;82,375;10,6;
2019-01-11;0;21,745833;77,416667;9,2;
2019-01-12;0;22,233333;75,583333;10,6;
2019-01-13;3;23,966667;83,583333;9,8;
2019-01-14;5;26,154167;79,333333;8,7;
2019-01-15;,2;25,404167;85,333333;11,1;
2019-01-16;46;25,329167;83,041667;11,6;
2019-01-17;2,2;22,75;81,833333;8,1;
2019-01-18;5,2;21,491667;87,166667;13,5;
2019-01-19;50,2;19,570833;79,375;21;
2019-01-20;1,6;21,745833;67,083333;9,5;
2019-01-21;,2;23,2625;75,083333;7,8;
2019-01-22;0;25,245833;73,708333;8,8;
2019-01-23;0;26,175;79,5;9,8;
2019-01-24;0;24,129167;81,125;9,2;
2019-01-25;0;24,770833;76,666667;11,8;
2019-01-26;0;27,204167;74,208333;11,4;
2019-01-27;0;27,0125;75,541667;10,5;
2019-01-28;0;29,254167;70,25;18,6;
2019-01-29;0;30,779167;61;11;
2019-01-30;0;28,883333;67,5;19;
2019-01-31;19,2;25,0125;79,958333;9,8;
2019-02-01;,4;25,654167;81,166667;9,4;
2019-02-02;3,8;24,845833;76,708333;13,2;
2019-02-03;0;21,9625;58,125;11,8;
2019-02-04;0;21,504167;57,708333;8,7;
2019-02-05;0;21,1125;69,375;7,9;
2019-02-06;0;23,025;73,166667;8,8;
2019-02-07;,6;23,9;77,375;9,1;
2019-02-08;5;24,958333;76,208333;7,4;
2019-02-09;0;26,470833;73,5;8,1;
2019-02-10;0;26,8375;77,041667;7,7;
2019-02-11;4,8;26,05;77,833333;16;
2019-02-12;12,8;21,0375;72,375;14,9;
2019-02-13;0;19,320833;73,791667;7,9;
2019-02-14;,2;22,691667;62,583333;10,6;
2019-02-15;0;23,570833;68,583333;11,9;
2019-02-16;0;24,4375;71,916667;9,6;
2019-02-17;0;24,6125;69,875;9,6;
2019-02-18;0;24,975;66,208333;10,1;
2019-02-19;0;25,304167;76,5;8,2;
2019-02-20;0;27,066667;68,416667;6,6;
2019-02-21;0;28,191667;61,958333;8,5;
2019-02-22;0;26,6625;70,166667;11,5;
2019-02-23;0;27,966667;69,208333;7,2;
2019-02-24;2,6;24,183333;79,166667;14,7;
2019-02-25;1,6;21,679167;66,791667;7,8;
2019-02-26;0;19,416667;59,5;10,1;
2019-02-27;0;17,9125;56,875;6,5;
2019-02-28;0;20,458333;60,625;8,3;
2019-03-01;0;23,845833;57,666667;7,1;
2019-03-02;0;24,783333;64,375;12,6;
2019-03-03;,8;20,075;69,958333;9,5;
2019-03-04;,2;24,495833;70,541667;11,2;
2019-03-05;3,8;25,620833;80,958333;9,9;
2019-03-06;0;25,379167;77,583333;9,1;
2019-03-07;0;27,4;72,666667;7,5;
2019-03-08;0;24,745833;75,375;14,1;
2019-03-09;3;21,9375;61,416667;13,1;
2019-03-10;,2;21,595833;57,416667;12,5;
2019-03-11;0;22,570833;58,541667;12,5;
2019-03-12;0;23,633333;72,333333;10,5;
2019-03-13;0;23,504167;68,25;9,6;
2019-03-14;0;20,804167;71,791667;8,1;
2019-03-15;0;22,220833;73,333333;7,2;
2019-03-16;0;23,3125;78;13,3;
2019-03-17;4,8;23,995833;82;13,8;
2019-03-18;0;22,5375;85;9,3;
2019-03-19;5,2;21,745833;77,416667;12,1;
2019-03-20;,2;17,704167;74,25;12,2;
2019-03-21;1,8;16,479167;66,083333;8,6;
2019-03-22;0;19,245833;67,041667;7,7;
2019-03-23;0;20,195833;66,791667;6,5;
2019-03-24;0;22,570833;62,041667;11,9;
2019-03-25;0;17,229167;69,208333;11,7;
2019-03-26;,2;18,016667;81,458333;9,7;
2019-03-27;3,4;20,495833;65,541667;11,2;
2019-03-28;0;21,8;59,958333;12;
2019-03-29;0;22,720833;67,541667;12,2;
2019-03-30;0;22,3125;76,125;8,8;
2019-03-31;0;22,383333;77,916667;6,8;
2019-04-01;0;22,070833;82,708333;7,4;
2019-04-02;0;23,979167;78,916667;6,7;
2019-04-03;0;23,9625;77,458333;9,6;
2019-04-04;0;24,820833;78,625;10;
2019-04-05;4,4;21;78,208333;13,6;
2019-04-06;0;20,208333;67,541667;10,1;
2019-04-07;,4;20,504167;67,916667;7,2;
2019-04-08;0;17,775;77,625;6,8;
2019-04-09;0;18,433333;77;9,1;
2019-04-10;0;22,391667;68,291667;11,4;
2019-04-11;0;22,616667;76,958333;11,5;
2019-04-12;3,4;18,891667;78,708333;7,1;
2019-04-13;0;20,7125;78,375;9,6;
2019-04-14;0;24,066667;78,416667;9,4;
2019-04-15;0;21,1625;79,416667;9,5;
2019-04-16;21,6;20,116667;67,5;14,4;
2019-04-17;,4;20,791667;68,708333;7,4;
2019-04-18;0;18,391667;78,5;4,6;
2019-04-19;0;20,5125;73,166667;6,1;
2019-04-20;0;20,316667;74,041667;11;
2019-04-21;0;16,6;74,541667;8,3;
2019-04-22;0;14,716667;75,333333;9,1;
2019-04-23;0;16,3375;77,125;8,8;
2019-04-24;1,4;19,520833;84,291667;10,5;
2019-04-25;0;20,6;75,916667;10,8;
2019-04-26;6;19,945833;87,291667;15;
2019-04-27;25,8;21,825;86,708333;13,8;
2019-04-28;0;18,125;79,125;11;
2019-04-29;0;16,895833;78,333333;5,3;
2019-04-30;,2;16,8625;79,416667;11,5;
2019-05-01;,2;19,441667;70,208333;8,1;
2019-05-02;0;19,170833;82,541667;6,5;
2019-05-03;,2;20,804167;83,791667;7,1;
2019-05-04;1,6;21,35;88,958333;7,9;
2019-05-05;0;23,079167;86,958333;8,9;
2019-05-06;3,6;20,708333;83,791667;12,7;
2019-05-07;0;15,6875;77,541667;8,1;
2019-05-08;0;19,345833;63,625;9,9;
2019-05-09;0;20,6125;77,791667;10,9;
2019-05-10;4,2;21,370833;84,166667;12,9;
2019-05-11;1;16,395833;80,833333;12,1;
2019-05-12;,2;15,054167;84,458333;6,8;
2019-05-13;0;15,404167;88,708333;8,4;
2019-05-14;22,2;17,095833;81,875;11;
2019-05-15;,4;18,608333;67,916667;8,8;
2019-05-16;0;18,866667;72,875;9,6;
2019-05-17;0;19,845833;63,875;12,4;
2019-05-18;0;20,179167;78,125;12,5;
2019-05-19;0;20,633333;81,833333;8,8;
2019-05-20;,4;19,895833;88;6,5;
2019-05-21;7,2;20,466667;86,041667;8;
2019-05-22;,2;19,3125;75,5;9,2;
2019-05-23;,4;17,65;69,625;9,1;
2019-05-24;0;13,804167;79,208333;7,9;
2019-05-25;0;12,433333;72,833333;5,6;
2019-05-26;0;14,095833;81,25;6,2;
2019-05-27;,2;17,175;83,833333;6,9;
2019-05-28;,2;17,375;83,083333;7,4;
2019-05-29;,2;13,791667;83,416667;8,1;
2019-05-30;0;15,404167;71,041667;8,8;
2019-05-31;2;16,641667;67,375;9,2;
2019-06-01;0;15,445833;70,958333;6,3;
2019-06-02;0;15,083333;80,416667;5,7;
2019-06-03;0;13,795833;80;8,3;
2019-06-04;,2;12,258333;75,625;5,6;
2019-06-05;0;15,295833;74,5;9,5;
2019-06-06;0;17,6625;75,958333;10,6;
2019-06-07;0;16,575;81,75;11,2;
2019-06-08;0;12,170833;74,625;6,9;
2019-06-09;,2;12,816667;80,083333;9,6;
2019-06-10;,2;19,4625;79,916667;8,9;
2019-06-11;,2;18,7125;80,541667;7,8;
2019-06-12;,2;18,5125;84,916667;8,4;
2019-06-13;,6;19,945833;84,958333;9,8;
2019-06-14;0;21,9625;76,291667;7,8;
2019-06-15;0;20,108333;85,791667;5,2;
2019-06-16;0;19,620833;90;6,8;
2019-06-17;0;20,754167;87,708333;8;
2019-06-18;0;20,583333;81,458333;9,5;
2019-06-19;4;14,970833;67,708333;15,4;
2019-06-20;0;12,229167;74,75;8,1;
2019-06-21;0;13,954167;84,333333;8,5;
2019-06-22;,2;18,4875;82;6,6;
2019-06-23;0;21,4125;72,291667;9,6;
2019-06-24;0;20,845833;73,583333;7,1;
2019-06-25;0;16,895833;74,708333;16,6;
2019-06-26;,2;7,879167;61,541667;12;
2019-06-27;0;9,245833;77,25;9,8;
2019-06-28;0;15,845833;90,416667;10,6;
2019-06-29;32,2;20,054167;82,791667;11,1;
2019-06-30;,2;17,345833;78,333333;13,5;
2019-07-01;0;9,833333;71,25;10,5;
2019-07-02;0;9,266667;69,958333;7,3;
2019-07-03;0;9,041667;62,708333;15,3;
2019-07-04;0;6,8375;63,125;14,8;
2019-07-05;0;5,825;73,041667;19,5;
2019-07-06;1,2;6,2875;74,375;13;
2019-07-07;0;5,629167;74,25;5;
2019-07-08;0;7,975;80,666667;5,2;
2019-07-09;,2;9,120833;82,958333;5,4;
2019-07-10;,4;11,233333;88,125;4,6;
2019-07-11;0;13,958333;82,916667;4,6;
2019-07-12;0;14,625;85,375;11,7;
2019-07-13;3,2;13,2375;86,041667;9,3;
2019-07-14;0;10,091667;81,875;8,6;
2019-07-15;0;7,366667;84,333333;7,9;
2019-07-16;,4;9,595833;82,25;8,2;
2019-07-17;,2;9,670833;88,958333;5,8;
2019-07-18;0;14,583333;85,708333;12,3;
2019-07-19;0;15,195833;84,375;6,3;
2019-07-20;0;17,941667;74,791667;7,7;
2019-07-21;,2;18,116667;74,958333;12,6;
2019-07-22;0;17,120833;84,083333;10,9;
2019-07-23;24,4;15,4875;92,833333;5,5;
2019-07-24;13,8;13,8875;91,291667;14,1;
2019-07-25;12,6;14,604167;86,791667;12,7;
2019-07-26;57,2;15,245833;84,541667;14,6;
2019-07-27;0;12,091667;78,041667;10,5;
2019-07-28;,2;10,575;85,375;6;
2019-07-29;0;14,504167;86,875;6,1;
2019-07-30;6,6;14,1;80,291667;9,8;
2019-07-31;0;13,316667;80,25;9,6;
2019-08-01;0;14,5375;85;14,8;
2019-08-02;17;11,016667;69,583333;13,6;
2019-08-03;0;9,370833;66,958333;14;
2019-08-04;0;7,5375;77,25;5,3;
2019-08-05;0;11,066667;80,958333;10,2;
2019-08-06;0;15,416667;79,166667;9,1;
2019-08-07;0;18,941667;73,791667;7,5;
2019-08-08;0;14,5625;89,666667;12,9;
2019-08-09;24,2;15,55;91,291667;10,3;
2019-08-10;17;13,733333;85,791667;13,9;
2019-08-11;1;11,8125;79,791667;9,8;
2019-08-12;0;13,420833;85,666667;8,2;
2019-08-13;,2;9,125;68,583333;16,8;
2019-08-14;0;8,0125;75,083333;10,5;
2019-08-15;,2;11,825;80,625;9,9;
2019-08-16;0;14,8;77,583333;8,4;
2019-08-17;0;20,070833;65,666667;12,1;
2019-08-18;0;11,6;74,083333;12,3;
2019-08-19;0;8,733333;70,291667;12,3;
2019-08-20;0;8,416667;75,625;8;
2019-08-21;0;9,379167;77,875;7,6;
2019-08-22;0;9,125;85,625;7,2;
2019-08-23;0;10,658333;80,958333;7,4;
2019-08-24;,2;10,866667;82,75;7,4;
2019-08-25;0;16;72,625;15,4;
2019-08-26;0;16,229167;79,208333;13,4;
2019-08-27;,4;14,966667;83,125;6,9;
2019-08-28;0;15,479167;88,5;8,4;
2019-08-29;0;20,983333;73,666667;10,3;
2019-08-30;0;17,083333;87,208333;10,8;
2019-08-31;37,2;14,725;83,125;10,8;
2019-09-01;,2;12,733333;71;9,9;
2019-09-02;0;10,895833;68,125;6,5;
2019-09-03;0;10,241667;64,833333;10,6;
2019-09-04;0;8,625;62,916667;12,1;
2019-09-05;0;9,2125;69,625;9,2;
2019-09-06;0;14,2875;76,416667;12,7;
2019-09-07;31,4;16,045833;89,583333;15,6;
2019-09-08;20,8;17,733333;90,166667;13,6;
2019-09-09;31;19,154167;85,916667;13,5;
2019-09-10;4,2;14,366667;87,833333;12,8;
2019-09-11;34;14,491667;92,875;9,5;
2019-09-12;27,8;15,029167;88,791667;10,2;
2019-09-13;0;12,441667;77,375;6,9;
2019-09-14;0;15,2875;78,75;12,1;
2019-09-15;0;18,729167;83,625;9,3;
2019-09-16;5,6;15,420833;90,708333;13,3;
2019-09-17;8,4;13,895833;55,041667;8,1;
2019-09-18;,2;14,2375;63,666667;11,2;
2019-09-19;0;16,216667;77,791667;8,7;
2019-09-20;0;12,704167;55,375;13,4;
2019-09-21;0;12,2375;59,166667;6,4;
2019-09-22;0;12,975;61,291667;9,9;
2019-09-23;0;12,529167;70,25;8,2;
2019-09-24;0;16,425;73,083333;7,6;
2019-09-25;0;16,620833;83,333333;6,9;
2019-09-26;0;18,066667;76,208333;10,7;
2019-09-27;0;14,529167;74,125;9,4;
2019-09-28;0;16,441667;64,708333;12,3;
2019-09-29;0;17,929167;77,75;9,5;
2019-09-30;0;20,295833;74,583333;14,1;
2019-10-01;0;21,266667;76,541667;14;
2019-10-02;11,8;18,333333;87,416667;13,8;
2019-10-03;8,6;16,845833;74,958333;12;
2019-10-04;10,2;16,729167;90,916667;12;
2019-10-05;5,4;16,491667;87,708333;11,6;
2019-10-06;0;15,6375;78,416667;9,4;
2019-10-07;0;17,783333;74;8;
2019-10-08;0;19,566667;70,458333;9,3;
2019-10-09;0;19,633333;62,875;8,6;
2019-10-10;0;22,1625;69,625;9,1;
2019-10-11;0;22,658333;73,291667;12,5;
2019-10-12;0;21,033333;79,833333;15,1;
2019-10-13;2;19,733333;86,166667;19,1;
2019-10-14;12,6;14,5875;76,375;13,3;
2019-10-15;8;16,0875;69,333333;13,8;
2019-10-16;,4;16,375;85,041667;14,9;
2019-10-17;26;17,475;91,333333;18,1;
2019-10-18;18,2;19,466667;82,75;13,6;
2019-10-19;0;15,3125;73,291667;10,7;
2019-10-20;0;15,479167;72,291667;9,5;
2019-10-21;0;16,029167;77,333333;11,6;
2019-10-22;8,6;16,108333;75,291667;8,6;
2019-10-23;0;19,141667;64,583333;7,6;
2019-10-24;0;20,029167;63,875;11,6;
2019-10-25;0;19,016667;66,416667;6;
2019-10-26;0;21,091667;60,458333;10,3;
2019-10-27;8,2;21,725;80,916667;12,9;
2019-10-28;0;22,4;79,625;10,5;
2019-10-29;39,6;20,616667;86;18;
2019-10-30;27;19,679167;88,416667;21,5;
2019-10-31;10;19,120833;77,25;12,4;
2019-11-01;0;20,158333;68,416667;12,6;
2019-11-02;0;21,525;84,541667;15,4;
2019-11-03;5,4;19,120833;76,75;11,1;
2019-11-04;,2;19,0625;83,041667;9,6;
2019-11-05;19;19,375;78,166667;13,8;
2019-11-06;0;18,445833;58,666667;8,4;
2019-11-07;0;20,575;71,583333;9,1;
2019-11-08;0;20,370833;79,5;8;
2019-11-09;0;22,116667;81,583333;11,7;
2019-11-10;0;21,666667;76,833333;9,9;
2019-11-11;0;20,275;69,833333;12,3;
2019-11-12;0;20,491667;77,041667;12,9;
2019-11-13;0;22,541667;80,833333;12,4;
2019-11-14;16,6;21,6875;82,625;13,7;
2019-11-15;0;19,170833;71,041667;11;
2019-11-16;0;19,4375;71,625;5,8;
2019-11-17;0;23,0375;50,083333;7,2;
2019-11-18;0;23,7125;62,291667;8,2;
2019-11-19;0;22,5;75,291667;10,5;
2019-11-20;0;23,0625;77,875;9,8;
2019-11-21;0;22,95;80,166667;11,1;
2019-11-22;0;22,408333;85,25;12,5;
2019-11-23;,6;20,345833;58,875;12,6;
2019-11-24;0;19,6875;54,458333;11,2;
2019-11-25;0;20,129167;59,583333;13,9;
2019-11-26;0;21,283333;71,25;16,5;
2019-11-27;4;20,2125;74,75;14,6;
2019-11-28;0;19,895833;63,125;9,6;
2019-11-29;0;22,7;58,791667;13,3;
2019-11-30;0;24,033333;64,25;8,1;
2019-12-01;0;19,65;58,208333;14;
2019-12-02;0;16,616667;61;10,2;
2019-12-03;0;17,775;63,166667;9,9;
2019-12-04;0;22,475;67,958333;9,1;
2019-12-05;0;20,429167;66,25;14,5;
2019-12-06;0;19,754167;60,291667;13,6;
2019-12-07;0;17,795833;65,416667;9,6;
2019-12-08;0;20,429167;65,75;8,3;
2019-12-09;0;25,295833;56,875;7,1;
2019-12-10;0;27,020833;51,75;7,8;
2019-12-11;0;26,304167;57,166667;8,7;
2019-12-12;0;24,770833;68,875;18,3;
2019-12-13;0;17,804167;59,375;17,1;
2019-12-14;0;21,275;65,5;10,8;
2019-12-15;11,8;23,320833;80,291667;15;
2019-12-16;1,8;20,954167;75,5;12,1;
2019-12-17;0;21,158333;69,25;6,5;
2019-12-18;0;22,529167;66,625;10,8;
2019-12-19;0;23,304167;67;13,3;
2019-12-20;0;24,566667;73,833333;11,8;
2019-12-21;21;23,604167;73,416667;15,8;
2019-12-22;,6;19,033333;68,208333;17,2;
2019-12-23;1;19,5875;59;12,2;
2019-12-24;0;22,75;55,125;9,1;
2019-12-25;0;24,620833;73,833333;10,5;
2019-12-26;0;23,4625;84;7,1;
2019-12-27;0;25,925;75,916667;10,1;
2019-12-28;0;26,641667;72,583333;11,2;
2019-12-29;2,6;26,958333;76,166667;8;
2019-12-30;0;24,729167;79,25;7,7;
2019-12-31;0;25,095833;79,166667;8;
2020-01-01;8,8;24,1125;82,166667;11,2;
2020-01-02;3;23,058333;66,833333;10,9;
2020-01-03;0;22,741667;65,583333;11,2;
2020-01-04;,4;22,7875;65,666667;11,6;
2020-01-05;0;23,554167;66,291667;10,1;
2020-01-06;0;25,616667;71,958333;13,7;
2020-01-07;1,4;23,208333;66,75;10,9;
2020-01-08;,2;23,425;55,291667;9,9;
2020-01-09;0;25,4625;72,791667;9,1;
2020-01-10;1,4;25,704167;84,25;7,9;
2020-01-11;2,2;24,4625;78,458333;8;
2020-01-12;,2;25,145833;63,333333;10;
2020-01-13;0;21,804167;63,875;9,6;
2020-01-14;0;24,891667;61,416667;11,7;
2020-01-15;0;26,325;78,541667;17,4;
2020-01-16;13;21,033333;60,166667;11,4;
2020-01-17;0;18,995833;62,541667;7,5;
2020-01-18;0;21,833333;57,166667;9,5;
2020-01-19;0;24,070833;71;9,4;
2020-01-20;0;25,920833;73,833333;8,7;
2020-01-21;,4;24,6875;77,333333;13,3;
2020-01-22;0;24,666667;70,541667;13,3;
2020-01-23;0;24,070833;66,625;11,9;
2020-01-24;0;23,820833;67,708333;10,3;
2020-01-25;0;25,133333;65,75;11,1;
2020-01-26;1,6;24,220833;73,875;9,7;
2020-01-27;0;24,829167;71;14,5;
2020-01-28;0;22,3875;63,875;10,1;
2020-01-29;0;25,520833;69,708333;10,4;
2020-01-30;0;25,066667;76,833333;9,4;
2020-01-31;0;22,829167;76,541667;9,6;
2020-02-01;6,2;21,441667;71,75;7,5;
2020-02-02;0;24,8875;71,541667;10;
2020-02-03;0;24,5625;72,166667;12,3;
2020-02-04;0;25,129167;69,375;13,6;
2020-02-05;0;25,741667;69,25;13,5;
2020-02-06;0;26,4375;73,125;12,3;
2020-02-07;0;26,629167;75,291667;11,3;
2020-02-08;0;26,529167;75,583333;11,6;
2020-02-09;,4;23,591667;64,208333;12,2;
2020-02-10;6,8;19,920833;73,583333;9,4;
2020-02-11;,6;21,4875;63;11,3;
2020-02-12;,2;23,3875;62,333333;12,4;
2020-02-13;0;24,570833;63,333333;13,2;
2020-02-14;0;23,866667;76,25;13,2;
2020-02-15;5;25,970833;74,041667;6,9;
2020-02-16;0;27,8625;68,625;8,8;
2020-02-17;0;28,116667;72,875;10,8;
2020-02-18;8,6;25,058333;79,083333;14,4;
2020-02-19;3,4;22,3875;76,375;8,8;
2020-02-20;0;21,85;69,666667;13,3;
2020-02-21;0;17,6375;60,333333;16,2;
2020-02-22;0;17,25;66,958333;12,9;
2020-02-23;0;19,45;66,958333;7,8;
2020-02-24;0;23,5;61,333333;9,1;
2020-02-25;0;25,320833;67,666667;11,7;
2020-02-26;0;20,7125;61,125;11,3;
2020-02-27;0;19,683333;59,041667;8,3;
2020-02-28;0;23,016667;49,166667;6,1;
2020-02-29;0;23,579167;67,083333;7,2;
2020-03-01;0;23,1875;74,375;9,3;
2020-03-02;0;23,479167;65,333333;11,2;
2020-03-03;0;23,5875;64,208333;10,1;
2020-03-04;0;22,625;68;8,1;
2020-03-05;0;22,183333;65,083333;6,7;
2020-03-06;0;22,479167;69,75;8,7;
2020-03-07;0;23,254167;61,708333;11;
2020-03-08;0;24,8375;69,208333;9,9;
2020-03-09;0;26,558333;69,291667;9,1;
2020-03-10;0;22,475;87,333333;7,8;
2020-03-11;17,6;23,6;78,166667;11,4;
2020-03-12;0;25,775;75,375;9,4;
2020-03-13;0;24,3375;79,625;8,9;
2020-03-14;0;25,779167;75,791667;8,9;
2020-03-15;2,6;23,220833;79,291667;9,2;
2020-03-16;1,2;22,525;64,625;7,4;
2020-03-17;0;22,920833;66,791667;12;
2020-03-18;1,8;22,658333;80;14,3;
2020-03-19;5,6;22,545833;75,375;11;
2020-03-20;,2;20,520833;76,166667;10,3;
2020-03-21;,2;20,416667;70,291667;6,4;
2020-03-22;0;21,783333;71,25;6,7;
2020-03-23;0;23,2875;70,541667;11;
2020-03-24;0;23,845833;68,625;13,4;
2020-03-25;0;23,9375;68,416667;10,9;
2020-03-26;0;23,35;75,208333;8,2;
2020-03-27;0;23,829167;73,791667;11,8;
2020-03-28;0;24,2;68,791667;11,2;
2020-03-29;0;25,475;70,25;7,8;
2020-03-30;0;24,3625;78,25;7;
2020-03-31;0;22,991667;80,791667;12,2;
2020-04-01;1,4;23,525;71,25;12,2;
2020-04-02;20,2;21,245833;72,291667;19,8;
2020-04-03;1,2;19,116667;69,916667;21,8;
2020-04-04;0;18,170833;70,166667;6,6;
2020-04-05;0;20,208333;68,791667;9,8;
2020-04-06;0;22,083333;67,583333;15,7;
2020-04-07;0;14,420833;59,916667;18,2;
2020-04-08;0;14,679167;70,666667;12,5;
2020-04-09;,4;17,491667;73,125;11,8;
2020-04-10;3,4;16,691667;78;8,5;
2020-04-11;0;17,020833;76,416667;7,1;
2020-04-12;,2;17,2;77,958333;7,8;
2020-04-13;0;20,458333;68;10,6;
2020-04-14;,2;17,8375;76,666667;17,3;
2020-04-15;2,8;16,841667;67,541667;17,6;
2020-04-16;0;17,454167;73,916667;11;
2020-04-17;0;17,425;79,5;8,3;
2020-04-18;,2;17,166667;81,708333;7,6;
2020-04-19;0;20,745833;74,75;11,5;
2020-04-20;0;21,533333;72,208333;8,5;
2020-04-21;0;21,5125;72,583333;9,1;
2020-04-22;0;18,9125;83,791667;7,6;
2020-04-23;0;20,841667;80,125;8,3;
2020-04-24;0;22,266667;74,125;10,8;
2020-04-25;0;23,566667;67,541667;9,3;
2020-04-26;,4;20,9;80,666667;9,1;
2020-04-27;,2;20,145833;70,375;14,7;
2020-04-28;9;21,233333;79,75;12,9;
2020-04-29;12,2;20,141667;66,708333;11,4;
2020-04-30;,2;15,979167;65,208333;12,2;
2020-05-01;0;14,195833;80,875;10;
2020-05-02;1;14,870833;78,833333;10,5;
2020-05-03;,2;14,9125;74,625;6,6;
2020-05-04;0;16,8375;78,75;6,7;
2020-05-05;1,2;17,745833;75,416667;15,8;
2020-05-06;0;13,695833;69,833333;17;
2020-05-07;0;12,954167;71,75;9,5;
2020-05-08;0;12,229167;71,958333;7,3;
2020-05-09;0;16,3375;71,291667;7;
2020-05-10;0;18,658333;67,208333;8,9;
2020-05-11;0;19,5125;66,666667;8,1;
2020-05-12;,2;17,35;75,875;6,5;
2020-05-13;3,4;16,170833;84,166667;10;
2020-05-14;,2;12,429167;80,25;10,6;
2020-05-15;0;12,45;70,291667;9,3;
2020-05-16;,2;16,720833;55,083333;10,2;
2020-05-17;0;19,4375;53,041667;9,6;
2020-05-18;0;15,779167;82,625;7,2;
2020-05-19;0;19,583333;74,25;10,3;
2020-05-20;0;20,1625;75,375;8,5;
2020-05-21;,8;19,441667;80,791667;10,6;
2020-05-22;17;18,245833;91,041667;8,5;
2020-05-23;15,8;17,091667;92,416667;13,4;
2020-05-24;59,6;14,108333;80,125;12;
2020-05-25;0;13,995833;68,125;16;
2020-05-26;,8;12,916667;71,125;14,7;
2020-05-27;0;11,570833;76,875;6,7;
2020-05-28;,2;14,333333;76,333333;5;
2020-05-29;0;16,4375;75,958333;7;
2020-05-30;0;16,525;76,291667;5,8;
2020-05-31;,2;13,995833;70,916667;13,3;
2020-06-01;0;11,2625;68,5;12,5;
2020-06-02;0;12,579167;83,25;8,5;
2020-06-03;0;11,158333;85;7,2;
2020-06-04;0;15,8;78,125;9;
2020-06-05;,6;16,8375;87,041667;13,8;
2020-06-06;24,8;14,75;84,166667;16,8;
2020-06-07;,2;14,458333;82,166667;6,2;
2020-06-08;0;14,816667;83,833333;6,8;
2020-06-09;0;13,975;82,666667;9,2;
2020-06-10;0;11,795833;84,916667;8;
2020-06-11;1,4;17,045833;90,791667;6;
2020-06-12;70;16,908333;92,083333;15;
2020-06-13;18,2;14,416667;68,291667;14,6;
2020-06-14;0;7,466667;62,416667;7,3;
2020-06-15;0;10,55;78,75;10,3;
2020-06-16;0;16,8;82;8,4;
2020-06-17;0;17,925;82,083333;10,2;
2020-06-18;1,6;17,3;81,916667;19,3;
2020-06-19;7,8;13,704167;85,583333;10,1;
2020-06-20;33,4;16,225;91,333333;6,7;
2020-06-21;10,6;19,158333;87,791667;12;
2020-06-22;1;15,458333;89,333333;11,6;
2020-06-23;0;19,15;81,791667;11,5;
2020-06-24;0;20,025;73;9;
2020-06-25;29;15,495833;84,458333;17,6;
2020-06-26;2,8;8,945833;73,291667;10,3;
2020-06-27;0;9,275;77,958333;7,4;
2020-06-28;0;8,995833;81,166667;4,9;
2020-06-29;0;10,875;82,75;10;
2020-06-30;4,4;14,595833;90,541667;11,8;
2020-07-01;35;11,770833;84,041667;23,1;
2020-07-02;3;8,820833;75,5;11;
2020-07-03;0;8,320833;76,041667;6,5;
2020-07-04;0;10,258333;74,541667;7,7;
2020-07-05;0;13,091667;78,666667;7,9;
2020-07-06;0;9,8875;79;7,6;
2020-07-07;,2;10,954167;80,458333;9,8;
2020-07-08;13;11,608333;86,416667;15,6;
2020-07-09;14,6;9,7875;75,125;13;
2020-07-10;0;10,595833;76,5;10,2;
2020-07-11;1,8;12,233333;75,041667;9,3;
2020-07-12;0;11,3125;78,583333;6,9;
2020-07-13;0;9,058333;66,958333;13,6;
2020-07-14;0;6,475;59,125;12,4;
2020-07-15;0;6,495833;65,958333;5,9;
2020-07-16;0;8,4125;84,208333;12,3;
2020-07-17;2,4;13,183333;90,416667;8,4;
2020-07-18;,2;18,016667;79,916667;8,7;
2020-07-19;0;20,408333;73;7;
2020-07-20;0;21,095833;68,75;6,4;
2020-07-21;0;20,958333;68;7,1;
2020-07-22;0;20,179167;71,458333;6,6;
2020-07-23;0;19,316667;75,625;9;
2020-07-24;0;15,633333;81,958333;9,9;
2020-07-25;27,8;10,279167;73,541667;12,8;
2020-07-26;0;10,516667;65;6,9;
2020-07-27;0;12,1625;79,583333;7,5;
2020-07-28;4,6;9,645833;75,791667;11,6;
2020-07-29;0;7,375;73,125;7,8;
2020-07-30;0;8,1;80,083333;7,1;
2020-07-31;0;13,929167;73,75;10,5;
2020-08-01;0;13;83,583333;7,1;
2020-08-02;0;15,45;83,125;7,4;
2020-08-03;,2;17,716667;80,458333;4,5;
2020-08-04;0;16,7875;82,041667;6,1;
2020-08-05;,2;16,8125;82;9,1;
2020-08-06;0;18,670833;72,291667;7,7;
2020-08-07;0;15,741667;87;7,4;
2020-08-08;0;14,129167;87,5;6,2;
2020-08-09;0;15,379167;82,916667;8,4;
2020-08-10;0;19,595833;70,708333;8,5;
2020-08-11;5;10,966667;64,5;14,2;
2020-08-12;,2;8,970833;69,625;7,2;
2020-08-13;0;13,2625;79,958333;6,7;
2020-08-14;0;13,195833;83,833333;8,2;
2020-08-15;0;15,191667;79,958333;11;
2020-08-16;0;10,854167;62,5;8,5;
2020-08-17;0;12,295833;66,708333;6;
2020-08-18;0;13,370833;84,625;7;
2020-08-19;0;12,383333;76,458333;14,8;
2020-08-20;0;7,9625;65,333333;17,5;
2020-08-21;0;7,6625;62,583333;10,5;
2020-08-22;0;9,704167;61,916667;6,2;
2020-08-23;0;12,216667;78,958333;11,1;
2020-08-24;0;16,425;76,125;12,9;
2020-08-25;0;17,045833;71,083333;16;
2020-08-26;0;17,333333;77,458333;13,4;
2020-08-27;0;15,179167;89;10,6;
2020-08-28;31,8;16,525;88,791667;8,6;
2020-08-29;3,4;16,316667;89,791667;11,7;
2020-08-30;2,4;10,904167;75,666667;12,7;
2020-08-31;0;8,429167;80,333333;7,9;
2020-09-01;15;11,004167;87,916667;11,7;
2020-09-02;28;14,520833;90;15,2;
2020-09-03;2,2;14,158333;76,375;13,4;
2020-09-04;0;12,554167;75,541667;6,5;
2020-09-05;0;13,054167;77,125;6,9;
2020-09-06;,6;14,2;76,916667;11;
2020-09-07;0;14,716667;70,625;11;
2020-09-08;0;15,420833;75,291667;12,1;
2020-09-09;0;17,179167;84,958333;13,3;
2020-09-10;3,4;16,125;81,875;10,7;
2020-09-11;0;14,241667;87,333333;7,2;
2020-09-12;7,4;14,416667;86,916667;6,8;
2020-09-13;5,6;16,120833;90,25;12,4;
2020-09-14;15,4;13,841667;71,625;14,1;
2020-09-15;0;11,866667;73,708333;8,2;
2020-09-16;0;15,741667;83,75;11;
2020-09-17;,2;14,770833;83,375;6,5;
2020-09-18;,2;18,254167;73,916667;7,9;
2020-09-19;,2;13,204167;70,791667;12,2;
2020-09-20;0;10,345833;59,083333;10,6;
2020-09-21;0;10,220833;68,875;10;
2020-09-22;0;11,0125;69;7,5;
2020-09-23;0;15,795833;70,958333;7,7;
2020-09-24;0;15,416667;86,833333;7,3;
2020-09-25;0;14,904167;89,541667;6,5;
2020-09-26;10;17,3625;90,333333;14,6;
2020-09-27;50,8;18,8125;87,291667;17;
2020-09-28;17,6;17,258333;63,291667;13,8;
2020-09-29;0;14,3875;71,5;8,4;
2020-09-30;0;17,6375;81,875;10;
2020-10-01;24,2;19,0875;88,875;13,1;
2020-10-02;12,2;16,0125;85,416667;14,7;
2020-10-03;13,8;13,316667;75,5;10,6;
2020-10-04;8;14,395833;73,916667;15;
2020-10-05;13,4;16,6125;84,583333;12,8;
2020-10-06;0;14,4375;78,291667;13;
2020-10-07;0;15,654167;82,958333;5,9;
2020-10-08;,2;14,441667;76,625;8,3;
2020-10-09;0;15,295833;68,833333;9,9;
2020-10-10;4;13,6;74,416667;8,6;
2020-10-11;0;16,383333;72,375;12,5;
2020-10-12;0;18,079167;70,875;11,5;
2020-10-13;0;14,225;82,625;6,5;
2020-10-14;0;15,183333;81,708333;6,9;
2020-10-15;0;16,970833;81,25;7,5;
2020-10-16;0;18,758333;77,791667;12,8;
2020-10-17;0;19,354167;69,75;13,6;
2020-10-18;0;21,133333;74,958333;10,2;
2020-10-19;0;22,016667;76,375;10,3;
2020-10-20;0;18,820833;84,541667;11;
2020-10-21;0;17,416667;73,5;11,6;
2020-10-22;0;17,675;77,75;14,4;
2020-10-23;10,4;20,15;84,291667;13,4;
2020-10-24;0;20,904167;84,166667;7;
2020-10-25;0;21,35;84,041667;13,2;
2020-10-26;0;20,841667;85,958333;12;
2020-10-27;30,4;16,579167;92;17,4;
2020-10-28;8,8;19,091667;85,125;12,6;
2020-10-29;0;16,604167;69,125;12;
2020-10-30;0;15,1375;73,791667;10,9;
2020-10-31;0;17,4875;61,125;8,4;
2020-11-01;0;16,604167;64,75;7,1;
2020-11-02;0;15,904167;75,958333;7,9;
2020-11-03;0;18,166667;65,125;10,4;
2020-11-04;0;17,6;55,166667;9,6;
2020-11-05;0;18,7;67,375;10,5;
2020-11-06;0;19,279167;78,166667;12;
2020-11-07;0;19,370833;80;10,6;
2020-11-08;1,2;19,866667;76,5;9,4;
2020-11-09;0;19,408333;77;10,9;
2020-11-10;7,8;18,183333;87,583333;12,9;
2020-11-11;10,6;18,508333;88,208333;11,3;
2020-11-12;2,4;19,520833;85,958333;6,9;
2020-11-13;0;20,5;80,541667;5,7;
2020-11-14;0;21,379167;81,416667;11,1;
2020-11-15;,6;22,316667;85,833333;8,2;
2020-11-16;0;19,7875;78,875;11,3;
2020-11-17;0;17,2375;72,875;9,3;
2020-11-18;0;18,1;68,625;6,5;
2020-11-19;0;19,383333;66,208333;7,6;
2020-11-20;0;19,175;62,583333;9,4;
2020-11-21;0;18,75;54,75;7,7;
2020-11-22;0;19,079167;59,333333;8,9;
2020-11-23;0;20,9875;66,416667;12,6;
2020-11-24;0;23,7875;70,375;14,9;
2020-11-25;0;24,408333;71,75;13,6;
2020-11-26;0;22,3375;75,833333;10,5;
2020-11-27;0;20,9375;69,791667;11,7;
2020-11-28;0;23,4;80,208333;11,1;
2020-11-29;7,2;24,654167;72,666667;13,7;
2020-11-30;0;20,804167;71,75;11,4;
2020-12-01;0;20,3875;60,958333;10,5;
2020-12-02;0;22,125;74,666667;13,5;
2020-12-03;7,8;22,2125;76,25;16,6;
2020-12-04;,4;19,083333;69;10,3;
2020-12-05;0;17,804167;56,666667;9,5;
2020-12-06;0;18,9375;56,333333;8,6;
2020-12-07;55,2;17,716667;85,083333;14,3;
2020-12-08;14;20,870833;76,916667;9,9;
2020-12-09;0;22,008333;74,416667;7,3;
2020-12-10;0;23,05;68,291667;7,5;
2020-12-11;0;26,583333;67,625;11;
2020-12-12;15,6;22,754167;75,791667;13,8;
2020-12-13;16,4;23,841667;78,083333;11,5;
2020-12-14;,2;20,654167;62,833333;11,4;
2020-12-15;0;22,475;65,125;7,1;
2020-12-16;0;23,066667;75,208333;8,9;
2020-12-17;0;23,404167;77,333333;9,6;
2020-12-18;0;23,85;74,666667;12,3;
2020-12-19;0;24,475;75,833333;14,1;
2020-12-20;4;22,395833;53,625;12,9;
2020-12-21;0;18,545833;62,916667;10,4;
2020-12-22;0;18,475;71,333333;8,2;
2020-12-23;0;21,895833;68,125;10,4;
2020-12-24;0;23,108333;74,583333;13,6;
2020-12-25;0;23,8;71,416667;13,3;
2020-12-26;0;23,4625;70,125;12,8;
2020-12-27;0;23,666667;80,25;12,6;
2020-12-28;0;23,675;73,916667;11,4;
2020-12-29;0;23,358333;75,708333;9,2;
2020-12-30;0;26,466667;73,416667;13,7;
2020-12-31;5,4;21,7875;66,791667;11,5;
2021-01-01;0;22,125;52,166667;7,5;
2021-01-02;0;20,6;64,916667;8,5;
2021-01-03;0;23,204167;65,916667;11,1;
2021-01-04;0;24,379167;68,041667;14,2;
2021-01-05;0;23,945833;76,583333;13,8;
2021-01-06;0;24,6375;79,458333;10,9;
2021-01-07;0;26,470833;66,333333;10,9;
2021-01-08;0;26,308333;57,416667;10;
2021-01-09;0;23,808333;75,208333;10,1;
2021-01-10;0;26,708333;74,791667;10,3;
2021-01-11;0;26,833333;73,041667;16,6;
2021-01-12;44;22,55;75,541667;12,4;
2021-01-13;0;21,533333;56,416667;9;
2021-01-14;0;22,9;54,458333;12,2;
2021-01-15;0;23,925;66,541667;13,3;
2021-01-16;34;23,083333;84,708333;16,9;
2021-01-17;17,6;23,7375;80,416667;13;
2021-01-18;4,4;20,766667;69,958333;9,4;
2021-01-19;0;21,066667;68,875;6,8;
2021-01-20;0;22,779167;66,541667;9,2;
2021-01-21;0;24,045833;68;10,9;
2021-01-22;0;24,708333;72,333333;11,6;
2021-01-23;0;25,195833;76,541667;10,3;
2021-01-24;0;24,8;77,166667;8,2;
2021-01-25;0;25,5875;77,416667;8;
2021-01-26;0;27,004167;74;16,6;
2021-01-27;31,8;23,983333;87,541667;12;
2021-01-28;17,8;23,691667;77,458333;7,4;
2021-01-29;0;25,5875;74,208333;9,5;
2021-01-30;6;25,604167;81,666667;9,2;
2021-01-31;36,6;23,329167;81,833333;15,8;
2021-02-01;,2;24,866667;77,125;9,7;
2021-02-02;7,2;25,066667;80,333333;10,4;
2021-02-03;21,4;24,529167;85,5;8,5;
2021-02-04;22,4;21,6375;81,041667;18;
2021-02-05;11,8;20,63913;69,869565;13,2;
2021-02-06;;;68,611111;8,5;
2021-02-07;;;70,421053;8,1;
2021-02-08;;22,431818;67,318182;14,4;
2021-02-09;;;74,916667;10;
2021-02-10;3,4;22,333333;80,625;11,7;
2021-02-11;5,4;24,041667;79;12,4;
2021-02-12;2,2;24,225;80,75;10;
2021-02-13;;;79,25;8,6;
2021-02-14;,2;23,904167;83,333333;13,8;
2021-02-15;27,4;23,586957;78,043478;7,9;
2021-02-16;;;80,533333;9,9;
2021-02-17;;;77,047619;9,8;
2021-02-18;0;21,365217;84,130435;12,5;
2021-02-19;;;71,8125;7;
2021-02-20;;23,417391;70,869565;11,7;
2021-02-21;;;72,578947;10,2;
2021-02-22;0;25,627273;70,045455;8,7;
2021-02-23;;;;10,5;
2021-02-24;;;;;
2021-02-25;;;;;
2021-02-26;;;;;
2021-02-27;;;;;
2021-02-28;;;;;
2021-03-01;;;;;
2021-03-02;;;;;
2021-03-03;;;;;
2021-03-04;;;;;
2021-03-05;;;;;
2021-03-06;;;;;
2021-03-07;;;;;
2021-03-08;;;;;
2021-03-09;;;;;
2021-03-10;;;;;
2021-03-11;;;;;
2021-03-12;;;;;
2021-03-13;;;;5,6;
2021-03-14;;;69,125;9;
2021-03-15;;;72,615385;7;
2021-03-16;;24,013043;73,869565;10,6;
2021-03-17;4;24,158333;75,708333;11,6;
2021-03-18;0;20,3;77,25;9,5;
2021-03-19;0;19,6;70,333333;6,7;
2021-03-20;0;24,404167;69,5;14,3;
2021-03-21;44;22,825;85,708333;10,7;
2021-03-22;3,2;;72,368421;9,1;
2021-03-23;;22,040909;77,545455;6,7;
2021-03-24;2,8;21,513636;78,772727;7,3;
2021-03-25;;;75,45;10;
2021-03-26;;;86,8;10,7;
2021-03-27;;;80,3;7,1;
2021-03-28;60,6;;85,55;8,6;
2021-03-29;;20,195652;75,73913;9,9;
2021-03-30;10,8;21,05;76,333333;10;
2021-03-31;,8;20,3125;69,458333;9,3;
2021-04-01;1,2;19,320833;78,666667;7,9;
2021-04-02;12,4;20,8;68,833333;7,5;
2021-04-03;5,6;20,895833;79,583333;9,9;
2021-04-04;,2;22,75;74,541667;11,6;
2021-04-05;0;23,045833;73,375;11,2;
2021-04-06;0;23,020833;80,291667;8,5;
2021-04-07;0;23,4375;76,208333;12;
2021-04-08;0;23,9375;73,5;12,5;
2021-04-09;0;24,770833;76,666667;8,7;
2021-04-10;6,6;22,840909;87,636364;13,3;
2021-04-11;;22,817391;82,304348;13,9;
2021-04-12;2,8;18,9125;77,291667;12,9;
2021-04-13;0;18,3625;75,416667;5,8;
2021-04-14;,2;19,4375;73,791667;9;
2021-04-15;0;20,958333;76,791667;9,1;
2021-04-16;1,6;21,058333;84,791667;6,3;
2021-04-17;,2;21,129167;82,041667;6,5;
2021-04-18;0;21,933333;69,416667;8,2;
2021-04-19;0;21,541667;62,166667;7,8;
2021-04-20;1;21,716667;67,916667;11,1;
2021-04-21;0;21,5375;67,291667;12,3;
2021-04-22;0;21,241667;68,541667;10,6;
2021-04-23;0;21,3;74,75;10,5;
2021-04-24;0;20,816667;78,458333;8,3;
2021-04-25;0;19,0125;73,083333;11,4;
2021-04-26;,6;17,025;76,875;13,4;
2021-04-27;0;15,369565;74,913043;8,7;
2021-04-28;0;15,066667;77,666667;8,7;
2021-04-29;0;;75,285714;5,3;
2021-04-30;;;80,076923;8,5;
2021-05-01;;20,033333;73,083333;9;
2021-05-02;0;20,095833;76,791667;5,1;
2021-05-03;0;22,2125;72,875;8;
2021-05-04;2,8;20,5375;77,25;11,7;
2021-05-05;5,8;15,345833;73,375;8,6;
2021-05-06;0;13,733333;71,291667;11,9;
2021-05-07;0;13,045833;74,25;9;
2021-05-08;,2;13,6;84,666667;7,2;
2021-05-09;,2;18,045833;76,541667;9,6;
2021-05-10;0;17,491667;86,916667;7,5;
2021-05-11;1,6;13,6875;76;8,5;
2021-05-12;,2;12,033333;75,333333;7,8;
2021-05-13;0;11,7125;73,041667;7,1;
2021-05-14;0;12,366667;76,541667;5,1;
2021-05-15;0;11,9;83,166667;4,4;
2021-05-16;,2;12,083333;80,958333;4,8;
2021-05-17;,2;12,6625;82,916667;8,5;
2021-05-18;0;11,729167;77,416667;8,4;
2021-05-19;,2;10,895833;79,791667;7,6;
2021-05-20;0;12,158333;85,75;4,8;
2021-05-21;,2;15,558333;87,625;15,3;
2021-05-22;12,8;17,625;76,833333;13,7;
2021-05-23;,2;13,679167;70,75;19,5;
2021-05-24;0;13,325;66,875;17,8;
2021-05-25;0;13,408333;64,416667;11,7;
2021-05-26;0;11,720833;72,833333;5,1;
2021-05-27;0;14,8;70,791667;8;
2021-05-28;0;15,35;79,875;13,3;
2021-05-29;1;13,729167;73,708333;12,6;
2021-05-30;0;7,983333;63,083333;10;
2021-05-31;0;10,5375;62,666667;9,1;
2021-06-01;0;14,229167;60,208333;6,9;
2021-06-02;0;15,791667;65,5;12,5;
2021-06-03;0;11,8375;76,708333;4,8;
2021-06-04;0;16,516667;78;9,3;
2021-06-05;0;18,770833;81;10,8;
2021-06-06;13,6;13,583333;82,208333;8,5;
2021-06-07;0;15,254167;76,458333;9,4;
2021-06-08;0;16,8625;76,916667;11,1;
2021-06-09;,4;17,604167;82,916667;13,9;
2021-06-10;,2;17,441667;84,75;8,7;
2021-06-11;0;12,204167;72,958333;12,1;
2021-06-12;,2;12,229167;66;8,5;
2021-06-13;0;14,7125;75,833333;6,4;
2021-06-14;0;15,991667;74,166667;7,2;
2021-06-15;0;12,5125;77,291667;10,6;
2021-06-16;0;9,3375;74,041667;10,1;
;;;;;
